"","species","nicheSize_GFDL","nicheSize_MPI","nicheSize_UKESM","nicheDensity_GFDL","nicheDensity_MPI","nicheDensity_UKESM"
"1","Acanthocalycium leucanthum",39.8762627381849,40.298503625649,22.2120588052179,2472473,2631000,1858060
"2","Acanthocalycium rhodotrichum",14.8135208223813,13.8620207498899,10.6895265342959,990402,837456,941476
"3","Acanthocalycium thionanthum",4.87722569752995,4.9653341628999,3.82816756698339,97045,156730,268435
"4","Acanthocereus oaxacensis",2.12340654756472,1.66411840424532,3.21009518584068,136743,102782,139275
"5","Acanthocereus tetragonus",73.8524665150533,79.9737959217432,70.9530038321122,4126555,4074482,4319693
"6","Acharagma roseanum",0.657519889440178,0.792190652255271,2.82844846110074,64536,81729,177371
"7","Airampoa ayrampo",37.5155611235404,39.8694721636625,28.4963742358947,1749954,2093277,1939228
"8","Aporocactus flagelliformis",8.63817108355839,8.33631804877088,6.34296044112113,713493,435958,478366
"9","Aporocactus martianus",5.94018529560543,6.74263563281367,4.20205235228491,553242,564254,316588
"10","Ariocarpus fissuratus",8.92941505015314,9.60984919802512,5.34540559585429,813998,751451,499287
"11","Ariocarpus retusus",14.303992170255,14.9821591167857,10.4932457514237,1275795,1254610,530670
"12","Armatocereus cartwrightianus",18.2091124010364,17.3567947850859,16.4107371168153,1440538,1481747,667245
"13","Armatocereus godingianus",9.32167508387782,10.5164026803029,7.59628279573508,272882,468622,661426
"14","Armatocereus laetus",6.44758548202145,7.80081914086471,14.2371783619009,290677,342203,888477
"15","Armatocereus matucanensis",20.3189436329817,21.136338313939,17.908747242605,618030,736553,682850
"16","Arrojadoa dinae",3.9243797842233,4.64944580903473,2.3210554906921,189309,218945,207857
"17","Arrojadoa penicillata",8.47430386045425,9.37791831852915,4.0417785955283,415351,426898,255006
"18","Arrojadoa rhodantha",12.0582954104812,12.4145007970954,9.20329235384788,705487,750671,563849
"19","Arthrocereus glaziovii",0.995833999272678,1.10156611004561,1.55667554407999,60040,50013,208761
"20","Astrophytum asterias",4.0677390407062,4.54843853699057,2.44503317222826,250437,222873,85118
"21","Astrophytum capricorne",4.04960374199273,4.15080723212744,3.29365522602317,383878,515680,232825
"22","Astrophytum myriostigma",7.75891772283544,7.82230947460048,4.23021091198216,660556,679383,173271
"23","Astrophytum ornatum",8.0753914380196,8.16619084001785,5.23700156248208,754511,535495,321500
"24","Austrocactus coxii",9.41634430972472,10.4877669915878,12.9773407407671,823806,714594,1396353
"25","Austrocylindropuntia cylindrica",15.3038017704967,17.1082063978966,16.15917220049,1039427,1143833,1534843
"26","Austrocylindropuntia exaltata",10.5600097713278,11.179677403992,9.90848255899365,252573,405819,504703
"27","Austrocylindropuntia floccosa",24.1414006613634,24.3793933223235,23.9401276815783,730065,1060439,1652402
"28","Austrocylindropuntia shaferi",9.89825034901973,11.2685207064554,16.1133082378777,211257,376061,759894
"29","Austrocylindropuntia subulata",35.6889332147221,36.919012059434,35.8717407477842,1287180,1540731,2498472
"30","Austrocylindropuntia vestita",12.9683187437487,14.7686918155665,15.5223135744236,450287,699595,1083356
"31","Aylostera deminuta",17.9691796195045,20.402801714799,14.3324685681095,666096,1019212,1074430
"32","Aylostera pygmaea",11.1666317540678,12.061362346402,14.2408189096586,176196,262685,666194
"33","Bergerocactus emoryi",2.88676014667359,3.16172521254496,2.77565341644106,374515,232657,217834
"34","Borzicactus acanthurus",5.77955893760424,6.3442247041984,4.66459850624188,42017,38330,224979
"35","Borzicactus icosagonus",3.59883125784265,3.67700448747955,1.56235578811223,60751,89960,73701
"36","Borzicactus sepium",11.9411123704158,12.8073593371922,7.5311684983554,669036,805238,581267
"37","Brasiliopuntia brasiliensis",45.2427250029519,45.6057102576463,33.6147795424805,2530426,2707995,2398425
"38","Browningia altissima",3.31968908651284,4.63436319246214,7.50440732365564,113334,116237,788884
"39","Cactus coquimbanus",2.40098169802384,2.57710326568875,3.33756864268161,115185,165708,61165
"40","Carnegiea gigantea",22.493595527918,22.9360780059827,16.772372339407,1757684,1576851,1779649
"41","Cephalocereus apicicephalium",2.76464332353198,2.07095983855519,10.5789109055382,203078,170664,535116
"42","Cephalocereus columna-trajani",2.5879838971427,2.63941361301306,1.61853121685065,187049,119970,63731
"43","Cephalocereus mezcalaensis",8.74885445944694,9.01753102905838,4.89167449437043,713962,662499,193428
"44","Cephalocereus nudus",9.36989260759194,9.34113843404661,9.98709128493723,712566,604005,532391
"45","Cephalocereus polylophus",6.0554594604644,6.17356609591907,13.3163880426746,528761,452378,1049184
"46","Cephalocereus scoparius",6.6904936711837,7.43416933702834,3.69181537449735,427948,371391,303959
"47","Cephalocereus senilis",1.63196159622436,1.65244252396186,2.00775943574849,167362,94760,77884
"48","Cephalocereus tetetzo",12.058167321511,12.9130027123781,9.43027365550056,925859,779510,489918
"49","Cephalocereus totolapensis",1.50245478264923,1.45798805374052,1.81847852890457,133043,102999,66957
"50","Cereus fernambucensis",14.7779159790368,18.2330027259501,25.8375233805777,1105839,1256257,2127675
"51","Cereus fricii",9.05561938543077,8.73027211866136,11.7880907379672,876050,820746,1216387
"52","Cereus hankeanus",26.1312289672488,28.4878618626794,16.3372297585026,1129483,1260667,1199975
"53","Cereus hexagonus",26.2110774901194,27.9998553835032,41.6268552839907,2327691,2221903,3116386
"54","Cereus hildmannianus",42.2296401344952,42.3486052176934,30.5334190900428,2285250,2371575,2451003
"55","Cereus jamacaru",29.2523764855849,32.9015257104858,32.6804400277911,1879343,1892483,2099221
"56","Cereus repandus",13.6058305102208,13.6472536018616,14.0224491668818,1102085,1100787,1366216
"57","Cereus vargasianus",5.95641109366419,6.74610165936943,7.69006389970235,256262,293197,637962
"58","Cipocereus minensis",3.20664863124222,3.66876860257535,5.41571583020785,205478,200130,667045
"59","Cleistocactus buchtienii",8.74247235762305,9.97095888186359,5.2835988029982,195396,366870,267917
"60","Cleistocactus candelilla",3.94285535818454,3.77087692061441,3.96275941406473,384557,363977,214398
"61","Cleistocactus hyalacanthus",8.60694223532064,8.70398303521584,5.59575035191919,167107,307551,372607
"62","Cleistocactus parviflorus",18.5784243030515,20.4301847119467,7.41235125080305,791928,943454,370690
"63","Cleistocactus smaragdiflorus",11.8788266896013,13.2116262991823,11.1532246000614,216428,406777,932053
"64","Cleistocactus tominensis",10.9877773756259,12.3585970502426,6.35791706583506,590062,769872,298919
"65","Cochemiea albicans",3.53229259183389,3.5920670811159,2.93975896829986,277360,331143,260948
"66","Cochemiea armillata",1.27576636596943,1.2738208568093,1.80858455058581,127610,123275,129987
"67","Cochemiea barbata",6.55037277589144,6.14283677636452,9.37545675864467,662036,480292,905945
"68","Cochemiea blossfeldiana",1.51830009035108,1.46634071378309,4.1743465782734,206904,104003,209109
"69","Cochemiea capensis",0.541543135562909,0.544752313062161,0.834653879816227,60807,44849,56652
"70","Cochemiea conoidea",17.3852043175906,18.3100548717276,15.6920707682057,1483062,1441766,934250
"71","Cochemiea dioica",14.3848068974771,15.2977197211485,18.4846262826084,1339711,1249963,1294130
"72","Cochemiea fraileana",0.948705810523792,0.998803796666137,0.923339829414792,85055,91621,92291
"73","Cochemiea grahamii",35.2289239210766,36.1134397070627,20.409595032534,2232015,2132231,2154854
"74","Cochemiea hutchisoniana",5.88302765896768,6.60724325309694,6.7981161247241,641656,471558,515088
"75","Cochemiea mainiae",3.71317998970057,3.47380441992918,3.29370823032719,234958,131683,298649
"76","Cochemiea phitauiana",0.584651655606676,0.621490111095772,1.11300883449134,55410,50325,108313
"77","Cochemiea poselgeri",4.74461494529074,5.16879270338107,5.76822523047582,433097,435996,496615
"78","Cochemiea schumannii",1.47265895773766,1.40589724638887,2.07522592074403,147385,145014,172301
"79","Cochemiea tetrancistra",14.7575699276163,15.6375286580312,14.4242053321273,1401493,1298963,1634333
"80","Coleocephalocereus aureus",1.2774987516372,1.33302393772879,0.598790907510575,66149,107495,57051
"81","Coleocephalocereus goebelianus",1.86573074565517,2.04075194289092,1.29827816929605,99134,132726,112580
"82","Consolea moniliformis",2.67587609672216,2.46307316927012,3.30863784028757,237465,146099,223055
"83","Copiapoa atacamensis",1.21361105464781,1.30060259379235,0.354101691154202,67340,139678,32102
"84","Copiapoa cinerea",1.51408904318987,1.91324063598499,1.3150576787186,73579,118331,70886
"85","Copiapoa coquimbana",4.2844034567809,4.67886631672321,7.39469430992586,165942,300077,235501
"86","Copiapoa echinoides",0.99542767979362,1.09369932485418,0.371371656857003,20932,45898,16501
"87","Copiapoa humilis",1.28233444699614,1.57982298509638,2.39997091788612,47595,100828,180751
"88","Corryocactus aureus",2.37490144407115,2.46423262443088,1.19655852061799,35212,27795,97524
"89","Corryocactus brevistylus",43.8986200863404,44.9336480579637,26.0552707224516,2066481,2222058,2086137
"90","Corryocactus erectus",3.75536981549006,4.34988338171807,10.5045426831095,149884,311039,739684
"91","Corryocactus melanotrichus",7.90624504450017,8.75337811875838,5.29285518178807,169829,339244,220006
"92","Coryphantha bumamma",8.92298980895647,9.86853866812327,2.44954212553491,674415,673808,102743
"93","Coryphantha clavata",7.33963581948654,7.43248082436427,6.53034882941781,731810,531943,454500
"94","Coryphantha compacta",8.8162183374803,8.47447576303846,9.85052124900797,785106,617618,765941
"95","Coryphantha cornifera",12.2112220063673,11.7502053213954,10.2199541915035,1071951,913014,629969
"96","Coryphantha delaetiana",7.33737100430929,7.11516328168837,4.52737500018109,715498,619619,476972
"97","Coryphantha delicata",15.8430784923804,16.6452595163475,10.8201133423712,1319880,1350651,672595
"98","Coryphantha difficilis",1.52637420369301,1.61968934745001,0.82348806005013,159923,198392,66361
"99","Coryphantha durangensis",4.64929891649011,4.86554917694297,1.38879943096651,499064,365097,144130
"100","Coryphantha echinoidea",4.24732313083928,4.49776256955524,6.37279195642627,491228,288142,376994
"101","Coryphantha echinus",7.13290314945166,7.66692119270087,4.48426016030984,742556,639542,403218
"102","Coryphantha elephantidens",14.0830328574079,14.6111380445859,9.11406742254781,1121421,1000561,547729
"103","Coryphantha erecta",13.3162986342553,14.0723826412163,11.5447034370638,1139376,1003640,902667
"104","Coryphantha georgii",3.85758244476879,4.09181312379469,3.61876466610031,413073,207361,185428
"105","Coryphantha glanduligera",8.82197022856209,9.54522126129888,3.22846395897751,887934,832749,159701
"106","Coryphantha glassii",3.01645829641201,3.03203084523975,1.66398972268206,230952,121289,105772
"107","Coryphantha hintoniorum",1.37568677044984,1.52688418097278,1.93411487778803,167787,182310,107991
"108","Coryphantha neglecta",4.41308227573336,4.5796141184437,2.94514461865571,449843,519075,172743
"109","Coryphantha nickelsiae",3.47495121686253,3.71768129648034,3.0611043703665,325073,383814,167117
"110","Coryphantha octacantha",7.83866761887557,8.00614321740371,5.11982615790553,798575,660418,343500
"111","Coryphantha ottonis",9.82174950404964,9.35989728261464,7.50744851778283,909266,843215,482376
"112","Coryphantha pallida",8.70772591010834,8.7807874925093,3.94569578610148,729610,647302,147714
"113","Coryphantha poselgeriana",8.68938253565377,8.7717732399117,6.59987499216541,789407,830289,572884
"114","Coryphantha pseudoechinus",2.15168845234078,2.12732480967536,1.7301391687223,201782,307277,142255
"115","Coryphantha pseudonickelsiae",2.64989384744962,2.83620394817554,1.39112988949682,303217,298130,148262
"116","Coryphantha pycnacantha",14.1304180188524,14.047178793628,9.12139185816585,1214791,1112882,579292
"117","Coryphantha ramillosa",6.1663244769905,6.08812143043199,3.934682625373,660767,558614,281317
"118","Coryphantha recurvata",5.1795996125026,5.07978191078035,6.01136498533342,570310,364568,562379
"119","Coryphantha retusa",3.72911533217794,4.0698214876053,2.86724550422289,326710,391871,91204
"120","Coryphantha robustispina",10.5732104629658,9.88596219860805,10.5967086622311,997582,776019,1076546
"121","Coryphantha salinensis",3.55111702997321,3.69344123534858,3.0120931738942,390647,341959,152317
"122","Coryphantha sulcata",9.66958595346306,10.4603308407839,8.09961980343266,860206,862036,634239
"123","Cumulopuntia boliviana",31.7973742182469,34.2160735208109,36.2334891726758,1173400,1362554,1912240
"124","Cumulopuntia corotilla",6.37947013345514,6.6937343864298,3.79759673501471,84520,93055,373900
"125","Cumulopuntia glomerata",18.2813705255545,19.9682864895923,14.5854816672601,1015586,1011275,1121526
"126","Cumulopuntia leucophaea",20.1970354466037,21.4026183338144,11.0999848194201,636435,762562,464846
"127","Cumulopuntia sphaerica",41.1883395440008,41.6870871010494,22.179804620357,1973581,2257246,1219461
"128","Cylindropuntia acanthocarpa",22.2771756428376,23.960879530687,19.9285025173157,1997601,1835295,2236882
"129","Cylindropuntia anteojoensis",0.428000360975188,0.445096940569758,0.414451716312212,33049,63610,30673
"130","Cylindropuntia arbuscula",13.3797736729916,13.8836454842171,9.96104245523748,1139511,936658,1058639
"131","Cylindropuntia bernardina",6.65519921018831,6.79502202389961,6.08353661011754,692233,548057,531081
"132","Cylindropuntia bigelovii",18.0577302308215,18.5442112136907,17.944881694101,1536499,1377679,1840587
"133","Cylindropuntia californica",11.8865987498317,12.471038981896,7.4997994176084,1155701,854551,667783
"134","Cylindropuntia calmalliana",3.69217331172405,3.87606058157548,7.19273776791357,414953,342770,422794
"135","Cylindropuntia caribaea",2.75524314929888,2.62767018690806,2.34485219107542,216492,188234,124445
"136","Cylindropuntia cholla",12.7971492612265,13.5681093410828,13.7316464313616,1152318,1044492,883344
"137","Cylindropuntia chuckwallensis",1.5526685743683,1.66231466741199,3.19913349948834,162363,138716,392902
"138","Cylindropuntia echinocarpa",20.0930686158791,21.0221638982495,20.7895954701888,1944938,1781741,2267503
"139","Cylindropuntia fulgida",39.8543649712909,41.1186421038499,20.1881522427411,2568705,2422811,1917620
"140","Cylindropuntia ganderi",8.26893244713877,8.22989024461863,5.04582684182284,888583,627170,462260
"141","Cylindropuntia imbricata",44.913807618939,45.4179906614185,38.0575898958245,3253617,3102927,3147718
"142","Cylindropuntia kleiniae",20.9491183082464,20.2190593648899,18.0978897762907,1623863,1508726,1385267
"143","Cylindropuntia leptocaulis",40.1132318536717,41.2491090592129,41.2277580580511,2634798,2524276,3183019
"144","Cylindropuntia lindsayi",5.26220546779107,5.76914862967674,4.39346479895708,596171,515859,382595
"145","Cylindropuntia molesta",6.71781521707296,7.28025002667718,9.31561466958443,762015,595293,623902
"146","Cylindropuntia multigeniculata",2.81095902834277,3.0346573523625,2.2646477112527,295157,236967,391089
"147","Cylindropuntia munzii",6.78526588838741,6.75800441521561,6.93650676020824,751515,627414,686731
"148","Cylindropuntia prolifera",4.87132829775197,5.64386816455856,5.53285558854201,567736,419654,453896
"149","Cylindropuntia ramosissima",17.8978507255748,18.4961797270087,15.6579522069939,1701202,1552810,1778633
"150","Cylindropuntia tesajo",5.27936420648934,5.36825022375309,3.86904668542257,578448,368291,309938
"151","Cylindropuntia thurberi",26.9673075364235,26.8186225182997,16.2425067443919,1840946,1777356,1466739
"152","Cylindropuntia tunicata",13.9156045019308,14.5583062330988,10.7385490168708,1202404,1119843,649449
"153","Cylindropuntia whipplei",18.4204739159494,19.1849878022335,11.2013779255966,1643116,1586229,1480321
"154","Cylindropuntia wolfii",4.4500971929849,4.69406290184974,3.97401449918272,487370,452121,341246
"155","Cylindropuntia x antoniae",2.0103574169334,1.95443659707081,4.51944964760887,202218,122279,371206
"156","Cylindropuntia x parryi",3.29212303282721,3.52325684755162,3.22347854077427,334588,312667,334201
"157","Deamia testudo",36.7976630912892,39.923552480885,25.6734540208494,2748473,2740011,2285369
"158","Discocactus placentiformis",1.78216610994556,2.06404922901724,0.908006225535808,103192,136932,128724
"159","Disocactus anguliger",8.65897724211733,8.64974772056265,5.81214322629518,696805,520874,345721
"160","Disocactus aurantiacus",2.68588586329926,2.76275887059624,1.50199951276773,180550,149498,128363
"161","Disocactus crenatus",21.6127269429366,20.7682406605275,28.3863568979498,1683173,1453588,1768344
"162","Disocactus nelsonii",8.65356836209808,8.0113800491331,21.6086510945544,640647,455929,1982975
"163","Disocactus speciosus",21.0256849156114,22.4343549552898,39.2684110222446,1659554,1393475,2963817
"164","Echinocactus horizonthalonius",18.0885814720243,17.8990686401128,14.6027481031284,1448932,1303442,1223347
"165","Echinocactus platyacanthus",21.5204785299303,22.2931385232926,16.9854265908693,1664107,1624434,987402
"166","Echinocereus acifer",19.8025457964829,19.8715466486566,16.2934356133707,1551731,1355411,1217092
"167","Echinocereus arizonicus",5.84827903393787,5.72985881272172,8.62934786313244,591454,422987,985287
"168","Echinocereus bonkerae",11.6301572123702,12.0761343379407,5.01280938439157,1027154,962766,601736
"169","Echinocereus brandegeei",10.0509664551298,10.9043451310741,8.51362530180371,977962,942334,559488
"170","Echinocereus chloranthus",10.5602372361969,9.74353568183911,7.1680253862343,835196,703138,769366
"171","Echinocereus cinerascens",11.9783110008172,12.4043693411013,13.3433757953098,1162372,1061918,749003
"172","Echinocereus dasyacanthus",12.7753591268668,11.9787997018106,10.5247329215859,1197250,954091,983215
"173","Echinocereus enneacanthus",21.4845766246285,21.7437825058033,20.4165474214751,1688783,1557859,1445200
"174","Echinocereus ferreiranus",1.57725648696089,1.67641449581412,2.26987946679303,211500,185767,222578
"175","Echinocereus huitcholensis",11.6119572320335,12.5063242213385,10.7351642620354,1049278,856533,826167
"176","Echinocereus knippelianus",4.11252662246415,4.41061229027028,3.86786289646043,435385,480215,238128
"177","Echinocereus longisetus",2.93557141056244,2.83197392932271,1.93393672476481,309966,357817,151596
"178","Echinocereus maritimus",3.19306654953889,3.52406772393874,6.49297036029438,388455,236780,365160
"179","Echinocereus nicholii",3.49768371422713,3.61900283365235,4.24797370906787,348282,171861,559484
"180","Echinocereus occidentalis",5.13741612947682,5.38307002931851,2.5925609591829,564904,459622,313530
"181","Echinocereus pacificus",3.01956131180239,3.30639301099767,1.59527110239976,277382,155770,125550
"182","Echinocereus palmeri",1.60492967347309,1.41405976391912,0.60894751437719,167116,41515,59572
"183","Echinocereus papillosus",0.956295942421995,1.03579945626637,0.950250256771158,121169,94893,40378
"184","Echinocereus parkeri",13.2464152099859,14.0295493474783,8.0267716847423,1132683,1170051,499654
"185","Echinocereus pectinatus",18.9354629287853,18.649466072447,16.2881207961467,1465490,1469667,1314512
"186","Echinocereus pentalophus",24.079159263216,24.7582688808922,20.7464054655518,1792341,1718781,1163918
"187","Echinocereus polyacanthus",14.5208040059659,13.8571983805491,11.6938683734582,1294479,1162333,1033212
"188","Echinocereus poselgeri",5.99207215777917,5.91188202227884,5.96654516943112,499192,562235,280884
"189","Echinocereus pseudopectinatus",2.92379460710808,2.75426321450903,2.65790549572392,318107,211380,296984
"190","Echinocereus relictus",0.689529268699589,0.755104331620725,0.698096699224459,83488,45443,119004
"191","Echinocereus rigidissimus",6.15364702981369,5.98533100873046,10.4647232146774,620060,435111,1029280
"192","Echinocereus russanthus",4.53327761320552,4.66850485530007,1.88117259116274,390826,261135,214153
"193","Echinocereus salm-dyckianus",8.28390652870001,8.08900089520858,7.70147558563034,691183,410171,564735
"194","Echinocereus santaritensis",10.7419978362529,10.8892708223619,10.1561001198695,1048643,756489,1061933
"195","Echinocereus scheeri",2.63900807752332,2.86049600455036,1.36845585251165,171517,89636,94841
"196","Echinocereus stolonifer",5.00016049860242,5.25451122906405,5.30598865761205,318047,173169,335683
"197","Echinocereus stramineus",14.2135203513047,14.1357471836068,10.3248269472573,1248566,1100397,840087
"198","Echinocereus triglochidiatus",28.7547277775999,30.8185698456878,21.3319131138552,2585823,2382075,2292223
"199","Echinocereus viereckii",8.76524032798508,9.10839415980165,7.38480228616872,581286,700081,357099
"200","Echinocereus viridiflorus",19.6951383152105,19.9890690092955,12.338034546293,1802249,1670683,1629357
"201","Echinocereus weinbergii",2.72853867055687,2.89863279851769,1.97564222830166,332952,256863,178675
"202","Echinopsis aurea",9.48339274324369,9.36097974046117,8.7346337342374,630554,821427,737274
"203","Echinopsis haematantha",3.19040069780419,3.41296715926417,3.1688310071574,59834,102705,207164
"204","Epiphyllum cartagense",16.8435003764001,18.2359226938183,11.5601366014029,587393,588547,390678
"205","Epiphyllum thomasianum",46.3461252325469,50.5689584008589,31.8554634701732,2576760,2619906,1922341
"206","Epithelantha greggii",4.35575122542593,4.58354631535011,3.09571006618615,407812,524086,249346
"207","Epithelantha ilariae",1.91199869213339,1.96689865925392,2.21313062651206,204203,203962,101891
"208","Epithelantha micromeris",15.1318712328829,14.9154139510747,12.9245516247726,1332281,1206776,1115621
"209","Epithelantha pachyrhiza",2.43305780164009,2.61591998003482,1.75810663348589,238948,307618,125759
"210","Epithelantha spinosior",1.48959854338135,1.57962644159432,1.84096625657447,168837,171137,131367
"211","Eriosyce aurata",19.4580106710544,19.2017768806849,11.613896169036,1144601,1321672,570626
"212","Eriosyce castanea",2.58509153610551,2.83293032929232,3.76530994040165,249678,295901,345951
"213","Eriosyce curvispina",27.8089152177045,28.576286250428,16.728874359996,2242478,2378467,1324642
"214","Eriosyce eriosyzoides",7.67476644983571,7.30961510402325,14.2274400988774,249192,363061,1020897
"215","Eriosyce heinrichiana",4.71208763792648,4.6038633837063,6.30998790104606,164882,286950,208895
"216","Eriosyce islayensis",8.79967195628342,9.04131799786437,2.29962957791597,187369,293634,171040
"217","Eriosyce kunzei",9.00320563083504,8.51862493969639,8.15208093544389,385639,504582,450288
"218","Eriosyce limariensis",4.78693629511601,5.12773788882836,1.59424857137398,246883,373705,117850
"219","Eriosyce nigrihorrida",0.628294158157384,0.742284982928778,3.30065749002224,49133,89292,151177
"220","Eriosyce odieri",0.653562907898166,0.700561141037243,1.16713578575374,21990,41173,71986
"221","Eriosyce paucicostata",15.2721403838386,16.217966754324,10.2541399498232,1039030,1301350,743552
"222","Eriosyce rodentiophila",0.96785044038035,1.19423626065282,1.30571929635161,51948,58897,95398
"223","Eriosyce senilis",3.53607205897271,3.69005244855587,3.10955371185508,156858,296995,207665
"224","Eriosyce simulans",7.39719402003459,7.60425668264471,14.0059964439569,568682,751612,735041
"225","Eriosyce strausiana",17.6412854914513,17.5581270702706,5.79652452018593,1114787,1171983,485013
"226","Eriosyce subgibbosa",5.53843322518121,5.15836027594987,12.836278679928,404315,566845,585245
"227","Eriosyce taltalensis",9.76898133305773,10.6423589394692,4.10552550172639,324604,453366,223308
"228","Eriosyce villosa",8.07957916094058,9.01212602099393,4.88421033744468,162323,251712,119440
"229","Eriosyce wagenknechtii",6.77115824407314,10.1881127262031,30.8195097904538,353623,414557,2072467
"230","Espostoa lanata",9.05654980839389,9.76942771929492,17.8111684333624,234476,347270,1059201
"231","Eulychnia acida",6.91873624645409,7.3075454575537,10.5915717924571,274842,476731,426420
"232","Eulychnia breviflora",12.9179158862035,13.9658387400324,39.0853757216195,899377,1067649,2497303
"233","Eulychnia iquiquensis",8.7553036631551,9.11882979059408,4.06790172996924,285906,450803,208303
"234","Facheiroa squamosa",9.85204009679326,10.9342209667073,5.35381051369355,529566,524501,262371
"235","Ferocactus acanthodes",18.4248380866831,19.3709102530436,17.7028561998649,1615423,1458957,1956324
"236","Ferocactus alamosanus",7.04356519289437,7.15887734503855,5.62061552720258,455642,292551,289403
"237","Ferocactus chrysacanthus",0.882801300129779,0.945284852148353,4.76303592213724,130343,45603,177388
"238","Ferocactus echidne",24.0448758413267,25.4798155614477,18.2064656084892,1726587,1748410,1087551
"239","Ferocactus emoryi",11.986203236039,11.838393570587,14.7346925461387,1088487,856597,1453678
"240","Ferocactus flavovirens",4.01878121169143,4.07431192932649,1.30235114594157,327369,258562,21974
"241","Ferocactus fordii",1.79775038343967,1.91592058535506,5.36612762694479,259803,140242,220141
"242","Ferocactus glaucescens",10.8687831073542,11.2154761130392,11.4841555245273,960593,942886,620177
"243","Ferocactus gracilis",5.56612363526631,5.31254161657117,7.56004648002904,624299,494376,393338
"244","Ferocactus herrerae",13.1092619883919,14.2322197308817,8.82955476648827,782379,610395,672009
"245","Ferocactus histrix",19.3430845633591,20.7493894848143,16.1390770180367,1528328,1290639,977704
"246","Ferocactus macrodiscus",9.89890343367638,10.3383635499329,7.35231317298395,943874,875856,431616
"247","Ferocactus pilifer",18.9741509594182,20.3599279782462,11.4954540649872,1634145,1594575,708452
"248","Ferocactus pottsii",3.68887120780057,3.71180452715496,1.04388635194466,198735,124448,56526
"249","Ferocactus recurvus",30.1865092804666,30.6636513759172,24.5126637649694,2202296,2027936,1634511
"250","Ferocactus robustus",3.87468328425233,3.66464618210866,1.61559249191184,352818,253120,38696
"251","Ferocactus townsendianus",6.93757370079198,7.32885568941732,5.39605916228943,604069,644616,476724
"252","Ferocactus viridescens",3.01519081049825,3.22373737837542,2.97423014484542,394096,254546,272588
"253","Ferocactus wislizeni",18.1447904863552,18.4405428934805,14.1615411542988,1475696,1209076,1621970
"254","Frailea pygmaea",3.92232665670997,3.94952677562247,3.08925590499911,312998,250921,286995
"255","Grusonia aggeria",2.06669627806473,2.03424384974537,1.70977908065223,194650,66810,175753
"256","Grusonia bradtiana",2.54925162466991,2.62583381561706,1.27959363852733,131807,223905,132533
"257","Grusonia clavata",5.31085602666159,5.90325323315487,3.25174057707354,381555,301488,501782
"258","Grusonia emoryi",4.92732253458354,4.75539898708339,5.89310996487816,563302,487869,651419
"259","Grusonia kunzei",5.64214950358044,5.38076390839926,6.87267013308284,640463,478104,716643
"260","Grusonia parishii",5.19415650329709,5.40646582435072,7.63431986105286,571932,393959,905833
"261","Grusonia vilis",2.38052782396054,2.38634199951614,2.69545501508748,250937,185392,192664
"262","Grusonia wrightiana",6.39659980794083,7.053056239445,7.68612422831919,733000,589008,814874
"263","Gymnocalycium capillense",1.79304126749255,2.02155136448616,2.40508236518653,187709,138611,199161
"264","Gymnocalycium monvillei",6.1267820363749,6.74044552873416,5.20104047223625,696471,591256,428097
"265","Gymnocalycium pflanzii",12.9930731576435,14.1719495315162,11.1068913921187,640790,772897,657050
"266","Gymnocalycium saglionis",10.9597523084365,11.7769306595278,7.9453085013201,321849,566048,643524
"267","Gymnocalycium schroederianum",4.66325991594828,4.91587925936331,3.08700170038549,393142,450319,243437
"268","Gymnocalycium spegazzinii",6.84366394547543,7.30849080279486,7.14096791422317,111867,167930,416211
"269","Haageocereus acranthus",6.15295421258714,6.88938236672104,6.30660022766432,42020,40373,221341
"270","Haageocereus chilensis",31.3524582494312,31.539157519307,26.7386973380441,1640857,1837679,2073467
"271","Haageocereus decumbens",1.49415469579532,1.9056292213748,0.480254283509871,46644,91890,42273
"272","Haageocereus kagenekii",15.0298483434741,16.6920306212234,20.4519833491212,339031,489077,606817
"273","Haageocereus platinospinus",4.27973816804491,4.58853562489314,1.22083319924173,45050,46704,121367
"274","Harrisia bonplandii",23.001885992882,21.8418406735484,15.8355317325891,1502197,1427884,1432284
"275","Harrisia martinii",12.9552416625026,12.2304591566333,8.91987118253681,874802,745608,764656
"276","Harrisia tetracantha",14.8476731329551,16.6030972223852,5.74308728754919,669342,939570,218827
"277","Harrisia tortuosa",4.42244848270074,4.43909211363965,2.87141282128101,363079,299070,258352
"278","Hatiora salicornioides",15.0879365085626,15.6447200598119,21.7285588468987,1114243,1194140,1815747
"279","Homalocephala polycephala",15.6979401381778,16.6013888762841,13.3251236919512,1420529,1428220,1571466
"280","Homalocephala texensis",26.0774187977911,25.8518562322833,27.6517502445645,1856202,1825895,2074702
"281","Isolatocereus dumortieri",31.1344376061465,33.465290820912,28.2773708422539,2278539,2108801,2129319
"282","Kimnachia ramulosa",28.969085069856,29.6814350196669,29.1507700920307,1934916,1950762,2133124
"283","Leocereus bahiensis",11.2102175281373,11.5230315600735,6.00323561484778,633358,655478,385678
"284","Lepismium cruciforme",29.7011374132155,31.049266216113,24.8789784709552,1766990,1671168,2171720
"285","Lepismium houlletianum",22.0170371402831,23.5265653399282,27.6771067790254,1466268,1529099,1920490
"286","Lepismium lorentzianum",14.782137101364,16.0385984092956,9.88060650847484,550887,682037,833167
"287","Lepismium lumbricoides",41.7508479032449,42.448200794054,37.4143346896876,2315869,2495801,2955970
"288","Leucostele atacamensis",31.5028722612893,32.3050404265554,24.3239725620681,1248337,1535081,1706255
"289","Leucostele chiloensis",23.0052586078058,22.5192712434154,16.4025143542118,1875994,1919030,1036360
"290","Leucostele deserticola",17.9108712397488,17.5795028603944,26.4558609477981,1352748,1593932,1671599
"291","Leucostele litoralis",2.20978921178282,2.17214812572179,3.62727918995993,212947,301427,233380
"292","Leucostele nigripilis",1.92079958448915,2.06621188750431,4.79049816169748,81159,172842,144912
"293","Leucostele skottsbergii",1.16694648071942,1.43848792907001,2.50676935001122,84286,139266,180579
"294","Leucostele terscheckii",31.3488360137965,34.5241655089634,18.3516782959084,1175901,1582789,1398128
"295","Leucostele werdermanniana",5.60177900454674,6.18640377742459,3.95229325205664,117535,176825,246882
"296","Leuenbergeria lychnidiflora",7.03576404783961,7.46605994649003,8.3846486507488,625015,571802,400662
"297","Lobivia ancistrophora",10.9311769159019,11.6204866584245,14.1411341672952,133509,230508,1063882
"298","Lobivia arachnacantha",1.9892576402411,1.91918043984192,0.885526414639878,196221,177895,51070
"299","Lobivia bridgesii",21.0259607991568,22.8694930469299,8.72461091826795,821691,1095038,473462
"300","Lobivia chrysochete",9.83571035995444,11.1239552868841,6.08123094709147,192805,351504,496109
"301","Lobivia cinnabarina",8.29778727141314,8.36905508738255,3.13084741645827,506395,744012,116059
"302","Lobivia ferox",12.5095567732419,13.5885960893733,17.7993674426608,211426,297231,916478
"303","Lobivia hertrichiana",3.70642633945943,3.34596213863184,3.55105900597067,249448,435955,245507
"304","Lobivia lateritia",1.3563055034293,1.31515300539583,2.72570258095034,15744,9311,163249
"305","Lobivia mamillosa",7.6219244585315,8.16223722039774,2.50952689291077,159808,258802,184554
"306","Lobivia maximiliana",22.8595118961142,24.9848774802422,31.0359088069387,499916,874500,2318963
"307","Lobivia obrepanda",20.9031895982432,22.4842637732474,9.58266318735753,902801,1231790,628291
"308","Lobivia pampana",8.27304375012971,8.54352496292997,3.99960406299746,78139,69666,415960
"309","Lobivia pamparuizii",6.8368114760909,7.31885630809587,4.20936514006111,557276,723281,150596
"310","Lophocereus schottii",25.7954252845029,26.8366183495527,23.7771047024214,1797546,1732958,1878056
"311","Lophophora diffusa",2.80990924417054,2.67356560823737,1.2410394325168,340339,197230,100701
"312","Lophophora williamsii",18.9382297985746,18.7670594805413,13.8209047803837,1506968,1589058,879938
"313","Maihuenia poeppigii",17.8714973260025,21.0477816766167,20.6197956043758,1389757,1558579,1871530
"314","Maihueniopsis camachoi",12.6300438123231,13.3046871240927,5.5016363543603,991884,956246,371939
"315","Maihueniopsis darwinii",11.3332198305814,12.4700227812847,17.1744222282756,1009068,951778,1906688
"316","Maihueniopsis molfinoi",7.998395171845,8.42701488544658,9.13279221401499,111481,149215,518291
"317","Maihueniopsis platyacantha",6.94799680710003,7.83516899054711,6.70275368386668,565377,589169,1014087
"318","Mammillaria albilanata",17.827437187982,19.380069751048,21.5361113132414,1417427,1327362,1357073
"319","Mammillaria beneckei",9.13570845345279,10.63373231573,8.25058950221217,473401,447159,436009
"320","Mammillaria bocasana",1.33290026727748,1.38887532853032,0.85059259133935,191922,96579,73774
"321","Mammillaria bocensis",9.51583592344843,10.1849172722325,4.50279234321219,625666,569196,349379
"322","Mammillaria bombycina",1.21110050454477,1.27706008354123,1.83227822535393,121489,69464,166336
"323","Mammillaria brandegeei",3.89447912526278,4.06765640462494,3.2428459053448,465493,351783,244822
"324","Mammillaria candida",14.2563052542056,15.1349179073311,11.3433610375693,1211844,1204200,597529
"325","Mammillaria carnea",7.60636055429249,7.85556369915821,3.99489713766029,605834,555938,198495
"326","Mammillaria compressa",15.058070336213,15.9770586683789,22.4487376669467,1374800,1179800,1295236
"327","Mammillaria crinita",13.4249591182882,13.7969008047784,11.1782398601237,1262936,1151166,624096
"328","Mammillaria decipiens",4.88755690111629,4.9778835484357,3.50488509218398,504098,358648,247716
"329","Mammillaria densispina",10.4409695262771,10.569184497657,6.19431098498088,984215,811146,421016
"330","Mammillaria discolor",11.3347041760186,11.3666788765108,6.70161415019957,1019191,898803,371313
"331","Mammillaria dixanthocentron",8.33678774214287,8.88756511859873,5.04645510393951,687126,634759,283859
"332","Mammillaria elongata",7.46365925029715,7.42162186311889,2.29603046762615,799910,635809,178304
"333","Mammillaria flavicentra",3.97959436378051,3.99468876617527,5.29909477531418,293335,192265,319205
"334","Mammillaria formosa",16.3884061832135,18.0132180446068,12.9160738265733,1364276,1373655,719567
"335","Mammillaria geminispina",7.07839618604247,7.07540881058314,6.94948658065289,683899,486467,293550
"336","Mammillaria gigantea",9.26158656238256,9.64759222209205,4.59410161585639,913050,789949,335974
"337","Mammillaria glassii",6.53134625103054,7.38627115788001,5.94586201927154,530381,737814,282519
"338","Mammillaria grusonii",7.36136489852654,7.72065243771364,2.50384611803466,701539,668389,236966
"339","Mammillaria haageana",18.0546523818835,18.1423894767518,9.47886774343645,1373905,1157576,559857
"340","Mammillaria hahniana",3.91701346515914,4.2663026446393,1.65939431257743,301140,160158,86757
"341","Mammillaria jaliscana",13.0996961438934,12.3862300508745,7.46366422834013,946464,751712,493661
"342","Mammillaria karwinskiana",20.6087948813881,21.8849509695091,18.6114591136294,1455477,1415385,1059886
"343","Mammillaria kraehenbuehlii",4.33134628849619,4.48275639274561,2.08244278728936,397780,446186,77885
"344","Mammillaria longimamma",6.30765921957839,6.29657868702088,5.22670971673692,609672,554176,320054
"345","Mammillaria magnimamma",27.3733080872582,27.876987465706,26.6163049595621,1927624,1817081,1805861
"346","Mammillaria melanocentra",10.9941400226885,12.0128970716595,7.77849747730402,759468,1029742,407663
"347","Mammillaria mercadensis",6.61035559126034,6.79725446915409,4.14635728655003,567414,454629,381703
"348","Mammillaria muehlenpfordtii",5.60593308389688,5.68078306636804,3.24632768449057,556534,389384,253591
"349","Mammillaria mystax",8.52584026727675,8.43937399746066,4.27606745500754,705863,651382,199786
"350","Mammillaria orcuttii",2.21846438569694,2.05015280943169,2.06781770450513,221228,87332,82585
"351","Mammillaria parkinsonii",4.35404532646563,4.33635536715352,1.6437226316336,469068,290768,126295
"352","Mammillaria pectinifera",4.48089555147801,4.49105918623424,1.04252724192722,430210,344852,28477
"353","Mammillaria perbella",3.2677399933679,3.43236113261802,0.875077636501242,343143,217699,85887
"354","Mammillaria petrophila",1.46626775715918,1.55897922162624,1.20923902071572,144730,146388,100361
"355","Mammillaria picta",9.44514812084275,10.1882163126971,1.81780042283161,767267,868933,39617
"356","Mammillaria pilispina",6.86801434189834,7.3171909230052,6.11972959168625,689667,672335,276240
"357","Mammillaria plumosa",2.57252389747997,2.79964893898186,2.84981120547667,282794,278693,184220
"358","Mammillaria polyedra",10.3509967405012,10.5029687482496,6.87633866912905,740229,704010,446084
"359","Mammillaria polythele",12.1050949710198,12.0262788542548,5.72080465430829,1073648,915158,400836
"360","Mammillaria pottsii",10.8868602037857,11.4454457855224,6.16160628667413,1016513,944835,558163
"361","Mammillaria rekoi",3.28671728137693,3.6939007120992,4.37992184848665,246064,249661,403183
"362","Mammillaria rettigiana",8.76149655082953,8.75762269435254,2.25524544378213,915860,751496,234684
"363","Mammillaria rhodantha",14.9068864697303,15.1556632897126,8.46425845066915,1246181,1166706,552330
"364","Mammillaria schiedeana",4.09657143604041,4.45461600447416,5.32108591230435,304724,176453,192449
"365","Mammillaria scrippsiana",16.2028428981131,16.2073124482396,12.8417471375564,1021330,832405,698773
"366","Mammillaria senilis",17.345270475352,18.0285253267782,11.8132952695578,1481751,1201119,1061395
"367","Mammillaria sphacelata",5.02344612684639,4.95389498142636,3.45429774394936,401660,280374,167827
"368","Mammillaria sphaerica",13.1763074727885,13.3814039423324,10.6598063801029,916865,951596,531346
"369","Mammillaria standleyi",6.36563956291604,6.4216544435859,5.11408637883502,389204,215840,341653
"370","Mammillaria supertexta",3.34494375287074,3.78293742050573,3.30308673015703,259761,193159,206373
"371","Mammillaria uncinata",18.6467143383497,19.5445060683152,12.961722201012,1527049,1361727,884282
"372","Mammillaria vetula",5.0048971775112,4.94484680742143,2.24736045438168,559782,434804,154316
"373","Mammillaria winterae",7.5957747400392,8.17021808087469,5.87238988494205,581348,741802,272129
"374","Matucana haynei",11.0121257567401,11.0087853363479,4.76986986813193,118945,137085,301336
"375","Melocactus bahiensis",8.13777050095775,8.6611030284026,11.3431241249273,456285,451868,695922
"376","Melocactus concinnus",6.30175321309324,6.29873497850856,4.96865299744022,269031,299302,337524
"377","Melocactus ernestii",8.97824691240567,9.15825823683831,12.3132791506856,446811,511309,780083
"378","Melocactus levitestatus",1.4476155372702,1.66602152033505,2.26759412232224,124742,167280,234268
"379","Melocactus paucispinus",3.47499483202036,3.96498553721454,0.753778568713607,126313,130841,50349
"380","Melocactus peruvianus",19.8006230435131,20.9452305032647,20.1780307465066,422230,569800,565364
"381","Melocactus salvadorensis",2.79436062204579,3.42639948292224,1.04806617585169,91198,104839,78971
"382","Melocactus violaceus",16.9168520201894,19.7310271370637,18.7929314431345,1149983,1257963,1471171
"383","Melocactus zehntneri",14.1380481050902,16.2361512956452,12.7073722301958,1046282,1044239,673685
"384","Micranthocereus albicephalus",2.52150030001548,3.17886377635512,1.45457543244763,98562,119026,138393
"385","Micranthocereus purpureus",4.30046885605286,4.7042324476642,2.00498843949009,168626,200591,154233
"386","Micropuntia pulchella",7.46995750795999,7.67109049210497,8.21181694556158,808668,663985,1063362
"387","Mila caespitosa",8.34211303910291,9.47671272141762,7.74242311793248,63630,122193,289090
"388","Miqueliopuntia miquelii",16.9921981222532,18.3260596521503,8.06329936269726,378309,527311,294381
"389","Myrtillocactus cochal",5.75961765615625,5.92418378860381,4.88506627790027,665343,484252,407398
"390","Myrtillocactus geometrizans",21.2600471862766,22.432096237487,15.4731608191108,1585156,1506043,977245
"391","Myrtillocactus schenckii",11.9575653234121,12.9047902646206,10.4112932965189,888855,843631,631502
"392","Neoraimondia arequipensis",26.5986182967031,29.3892198512093,27.9070056489732,749253,944668,921093
"393","Neoraimondia herzogiana",21.0547756031681,23.0082353374652,11.7258042337606,872090,1066715,659238
"394","Nyctocereus serpentinus",20.0462316914884,20.9749038598435,14.0705594431674,1444132,1326752,930456
"395","Opuntia arechavaletae",1.38283520245462,1.0725250713405,3.61115508369978,161977,136223,353716
"396","Opuntia arenaria",2.50218537499417,2.60221005256434,1.47645397225069,312505,247545,155003
"397","Opuntia atrispina",4.46389712646179,4.52539121293774,3.53469054370873,505592,386060,333592
"398","Opuntia aurea",4.47475075885025,4.78591576399105,3.61265599647708,497553,428447,582424
"399","Opuntia austrina",3.8658077700934,3.90707077654685,2.75813221959806,249623,209529,228263
"400","Opuntia azurea",9.60217447339582,10.6569411072967,4.37350266435053,893335,841194,469603
"401","Opuntia basilaris",19.6000366489829,21.7082284592242,20.443829970836,1849832,1688199,2246175
"402","Opuntia bravoana",1.27155408026516,1.20731823887663,1.82977654573075,138640,112353,184863
"403","Opuntia caboensis",0.539305705583796,0.599965462851942,1.10042865253599,57161,36486,79211
"404","Opuntia caracassana",12.0149858696251,11.5697981727495,20.478344553068,1078808,957212,2017276
"405","Opuntia chlorotica",24.1094775721927,23.8684675968474,20.6142636290877,2139842,1954326,2177293
"406","Opuntia comonduensis",3.90436046188221,4.2801493429383,2.83407565592335,381270,368437,269879
"407","Opuntia cuija",15.4096683696956,15.3732044555347,10.1271467626892,1310414,1238683,576909
"408","Opuntia curvispina",3.28230252960828,3.49580468852691,3.27058530873289,326124,266461,527900
"409","Opuntia decumbens",38.5199101864809,39.4100146832374,43.7150644059502,2651054,2659961,3065303
"410","Opuntia depressa",14.1171828428659,13.7605074219976,6.89203323947806,1051650,985720,366086
"411","Opuntia drummondii",14.4631024911563,15.7038349776492,11.7475402155336,1028988,1038670,1061102
"412","Opuntia elata",37.0964329180118,37.8151875766145,29.446226906286,2117570,2237310,2305614
"413","Opuntia elatior",10.2964839470631,12.0751212922282,10.3813308729527,902883,731385,1049544
"414","Opuntia feracantha",6.79684300157962,7.07928550146378,5.01802249638218,426473,464599,365519
"415","Opuntia fuliginosa",21.0441576905622,21.0837812810519,19.6813992808001,1482741,1305705,1333455
"416","Opuntia guatemalensis",14.7077569544635,15.441613589132,7.62606769956007,1116332,1208641,485458
"417","Opuntia huajuapensis",8.3698160221523,8.39915497213604,5.89458627592255,816459,664193,285100
"418","Opuntia humifusa",39.7362101370805,40.9365021483408,38.3261044453554,2723146,2631640,2901792
"419","Opuntia hyptiacantha",16.246421032462,16.2496374371827,14.4468435643281,1371575,1236975,924545
"420","Opuntia inaperta",2.81771374908502,3.29903341294232,3.90983663340113,254771,202353,357721
"421","Opuntia lasiacantha",21.1948101307358,22.4189277511289,21.2822869040059,1633405,1464010,1399649
"422","Opuntia leucotricha",24.5994456218644,25.8092771001491,26.1046187926657,1822746,1586989,1770172
"423","Opuntia littoralis",9.22448842567855,10.1027813495274,8.33122091450989,978464,839529,654689
"424","Opuntia macrocentra",25.6752361318022,26.1955350424467,15.6286565340385,1997743,1850305,1613695
"425","Opuntia macrorhiza",45.9836246850035,47.0475621415237,41.1043915483926,3332859,3259741,3805046
"426","Opuntia megacantha",12.4397747262334,12.2067871574163,10.1025047843165,1002788,956879,603681
"427","Opuntia megarrhiza",1.7783595870368,1.68834991410392,1.96577569557375,177315,78753,48482
"428","Opuntia mesacantha",16.798799282168,18.3014480784728,17.3637985494599,1261932,1153894,1313927
"429","Opuntia microdasys",15.7490519679112,17.3682792779891,12.2575537655041,1347636,1313626,734704
"430","Opuntia monacantha",30.8916319564524,30.9339108695902,26.3499589003588,1885956,1846379,2263672
"431","Opuntia orbiculata",27.018312130412,27.2490984777656,20.5134005961126,2147930,2046036,1906447
"432","Opuntia oricola",5.09663823706769,5.05054770494983,5.59110132936505,597546,446554,414686
"433","Opuntia parviclada",5.40888640901869,5.50064191904052,2.30276877500804,501240,490768,102173
"434","Opuntia pilifera",20.3572360001831,21.8498891178756,16.1266723802337,1487121,1260962,1209768
"435","Opuntia pinkavae",1.1853973577619,1.2321549602771,2.39584051033248,122717,91484,376360
"436","Opuntia polyacantha",38.4129185364717,40.3525562268956,26.3508391084832,2868309,2672029,2660445
"437","Opuntia puberula",20.3550651757262,21.1992266018468,27.0931755652695,1471036,1434987,1703365
"438","Opuntia pubescens",42.6535817029097,45.2562991344638,26.8341149406859,2148922,2125653,1797909
"439","Opuntia pumila",7.11031361914519,7.86648153338616,5.88303977732542,608572,550000,343343
"440","Opuntia rastrera",10.8093892102265,11.284645900196,10.8931398055403,1030265,930174,675431
"441","Opuntia rioplatensis",5.69092912617468,4.97450522126259,9.57597600586978,451462,466828,664445
"442","Opuntia robusta",24.1523099316897,26.0288161393303,26.675753571448,1832522,1589383,1813411
"443","Opuntia rufida",11.2174722890978,11.7045532488158,8.28727265476617,1048565,854617,644849
"444","Opuntia santa-rita",8.21920250311907,8.52830115187392,7.28414712578104,794380,747338,799201
"445","Opuntia soederstromiana",16.2231553810742,15.602826937971,9.83936557192998,811652,1030357,761130
"446","Opuntia spinulifera",6.08752362519811,6.34552144182231,5.43660527425925,556672,575369,381334
"447","Opuntia stenopetala",16.7142865176403,17.5967591992542,12.1280399149296,1445424,1409758,630097
"448","Opuntia streptacantha",18.5709541705473,19.2033351524738,15.5979497104943,1468112,1359477,1069290
"449","Opuntia strigil",1.58706452700642,1.68775996661179,0.633213837997094,168267,67920,58937
"450","Opuntia tapona",5.61387809768962,6.24143558322669,3.90747142314585,480443,571958,344353
"451","Opuntia tehuacana",5.47114668450762,5.66672455455059,3.29873146729408,419123,332383,212133
"452","Opuntia tomentosa",30.7381242918433,33.0803922734886,24.6076736122771,1914463,1879581,1740490
"453","Opuntia tortispina",18.616481580496,18.2523905052342,15.7939954557616,1503966,1341202,1707348
"454","Opuntia velutina",23.3866337118204,25.2455951764102,19.2830044154042,1587186,1505601,1217581
"455","Opuntia wilcoxii",22.0736645343021,22.1897710304377,13.2853326477922,1413108,1313244,881694
"456","Opuntia x debreczyi",6.77884427715175,6.71364228919219,7.58181083470894,670485,599471,1055744
"457","Opuntia x vaseyi",2.9627604543435,3.17352426141751,1.56582344886876,322165,324853,130115
"458","Oreocereus celsianus",4.66046791384166,5.17030263468627,5.99611780800555,57457,48819,313401
"459","Oreocereus fossulatus",3.07162907260723,4.72779789639171,6.09434907672383,51256,88276,272387
"460","Oreocereus hempelianus",14.6212983417404,16.3482314445644,10.1502858823461,421494,650973,608386
"461","Oreocereus leucotrichus",40.9594240233161,43.7095897795887,22.512556441461,2383831,2390557,1813546
"462","Oreocereus trollii",7.19732702548818,7.95690755226255,8.14780948011767,91876,97182,557578
"463","Oroya peruviana",2.83549887194229,2.85837405107289,1.27926061255182,41628,57760,136468
"464","Pachycereus pecten-aboriginum",35.5830058375231,35.2673746516605,29.8179167145563,2224771,2219728,2146481
"465","Pachycereus pringlei",18.4066107783285,19.7416256184882,15.2779109852912,1474087,1347542,1089333
"466","Pachycereus weberi",13.7583912875612,14.1463680692184,8.01329603295394,1036193,898524,398184
"467","Parodia erinacea",13.2275255213866,13.6183465789402,21.0712680488383,1003905,1151332,1663112
"468","Parodia horrida",5.91923332117911,6.40478198941137,3.3695059397866,146987,222192,266506
"469","Parodia langsdorfii",2.24903883514133,2.10270734066501,1.54714667048142,162830,140886,144717
"470","Parodia maassii",4.70180268258966,5.43063356959689,6.68882507843245,68729,82067,404161
"471","Parodia mammulosa",17.1579135738329,16.2374690921367,22.9392823616326,1505021,1524877,1917741
"472","Parodia microsperma",12.8187707923458,13.7229210355268,6.95303805072217,400196,705600,591524
"473","Parodia ottonis",17.4525317714171,17.6969995456514,15.7196538444471,1003810,894539,1397077
"474","Parodia stuemeri",8.53476979477114,9.30292751964123,8.40877591910995,166212,254294,431455
"475","Pediocactus simpsonii",17.1423486627606,17.6901543112234,19.1387374199744,1492678,1410014,1947221
"476","Pelecyphora alversonii",3.31145698841175,3.46166705165604,6.04432408024853,351336,340211,515295
"477","Pelecyphora aselliformis",1.48257123299437,1.56001754601418,1.89716809291256,181495,122758,76602
"478","Pelecyphora chihuahuensis",8.6406581926756,8.13652645503745,1.59717228289323,842212,739711,162037
"479","Pelecyphora dasyacantha",15.7796316603434,15.9315151068503,15.8509247731111,1550762,1326447,1530277
"480","Pelecyphora emskoetteriana",9.05368895907172,8.89860980691751,6.09472422863923,831587,795024,280757
"481","Pelecyphora macromeris",17.2819212338963,15.9745750754128,15.7872272783246,1489794,1397344,1274482
"482","Pelecyphora missouriensis",37.5767490035,38.8357099264294,38.8516571950632,2960758,2919927,3568041
"483","Pelecyphora sneedii",8.37254101619384,7.83192455813089,4.93862024014581,820883,519867,544104
"484","Pelecyphora strobiliformis",2.51981916232281,2.48419383948178,1.04832438242004,295590,139900,50176
"485","Pelecyphora tuberculosa",15.3976191413474,16.0290454832277,7.95526202935028,1296526,1148425,834216
"486","Pelecyphora vivipara",45.3776495682706,46.4743015712933,34.7347713309313,3226675,3205805,3351549
"487","Peniocereus greggii",13.4173260553535,13.5275754698267,11.7631011345049,1175460,1052493,1288085
"488","Peniocereus johnstonii",1.9105852304452,1.96215927309942,2.059182832854,174451,209021,196456
"489","Peniocereus striatus",16.8959748080021,17.9099965143006,14.889153532223,1301804,1170100,1133375
"490","Peniocereus viperinus",5.45819308455828,5.99513760351337,1.89591674923922,504900,421646,53326
"491","Pereskia aculeata",30.566516005606,32.0725067475102,26.1750623558403,1886148,1867661,2153053
"492","Pereskia bahiensis",12.177051544478,13.4183224180068,5.5050361152879,714213,747139,318637
"493","Pereskia diaz-romeroana",1.99175237570584,1.93447404803968,1.10194193678518,204114,187546,41620
"494","Pereskia grandifolia",23.5556951709077,28.8102039207192,32.6064171294044,1552509,1594783,2500338
"495","Pereskia horrida",4.26868771814423,5.1833447713115,8.4828726319125,145563,173066,830182
"496","Pereskia weberiana",4.57811921741258,5.07891296110566,3.72535850102525,124677,167128,406450
"497","Pereskiopsis aquosa",9.43139246579672,9.60219069161153,11.0468485640662,634571,530152,650967
"498","Pereskiopsis blakeana",2.45784500995698,2.79579797881221,1.65341287373347,190976,129636,138898
"499","Pereskiopsis kellermanii",9.61961496727765,10.3032911291329,9.92904906202405,752766,639772,522333
"500","Pereskiopsis porteri",15.6398369913342,16.3162823361739,10.3286101869217,905720,910997,798623
"501","Pereskiopsis rotundifolia",7.62809789083657,8.55936658975664,8.00373347423463,599488,524374,342512
"502","Pfeiffera ianthothele",16.1474746362995,17.6903864467678,13.8899335406857,756007,902002,975303
"503","Pfeiffera monacantha",24.2489171001949,26.786471436938,16.154785909196,1288865,1394524,1534566
"504","Pilosocereus arrabidae",4.17522422373967,3.96054946377943,3.45714648912235,340891,450507,409666
"505","Pilosocereus aurisetus",4.94288596425654,5.50793290607609,8.51070529017989,297232,341974,971376
"506","Pilosocereus chrysacanthus",13.0252580917155,13.7651552866372,13.5236906508454,995242,896726,628457
"507","Pilosocereus chrysostele",10.2382403694002,11.3673502421164,7.63346942296783,768270,821177,237016
"508","Pilosocereus collinsii",2.01366456031146,2.07187232448554,3.72605390919952,185792,180067,195732
"509","Pilosocereus colombianus",15.2896640300393,17.2444489550109,16.9725954913687,1299050,1263366,1155393
"510","Pilosocereus fulvilanatus",1.80810360934192,1.80531893730046,1.39316910668118,111769,153058,122847
"511","Pilosocereus gaumeri",2.52107278124647,2.51291230400522,3.78271457208562,219127,184826,361221
"512","Pilosocereus leucocephalus",24.4227002433581,26.0689013811998,20.9868944451185,1619016,1549159,1396115
"513","Pilosocereus pachycladus",17.9481105827518,20.9940985869918,21.6957567557458,1160237,1194600,1388153
"514","Pilosocereus pentaedrophorus",18.0271593564598,19.6254635468553,17.5357332218843,1239322,1380804,1365506
"515","Pilosocereus polygonus",4.17775129511966,4.08353639572569,14.1761826521411,334953,278973,1272937
"516","Pilosocereus purpusii",19.0345277023604,18.8703832109813,18.2842476218957,1216597,959598,1265806
"517","Pilosocereus vilaboensis",2.73532887270899,2.5662134702193,1.4419515818392,161796,201563,214834
"518","Polaskia chende",6.99205852956918,6.87223564473513,4.86215238781202,570451,486892,297680
"519","Polaskia chichipe",4.84813150151537,5.03756384938445,2.10900445897041,426292,430716,92517
"520","Pseudorhipsalis amazonica",45.3015115301743,50.9739922593993,61.1607625163489,2301284,2388899,2270177
"521","Pseudorhipsalis himantoclada",18.2738137791874,19.8685953703216,12.4183656077961,65524,26653,15118
"522","Pterocereus gaumeri",1.14301916797194,1.28595510802666,2.21234280323971,72030,64454,210183
"523","Quiabentia verticillata",12.877773752311,13.3644837873959,10.7500276195653,669423,645205,719435
"524","Quiabentia zehntneri",4.22634660882778,4.33160488154557,4.30259955125628,298600,415065,357943
"525","Rapicactus beguinii",8.18444363725722,8.87673136332715,6.889793160413,781813,932856,445367
"526","Rauhocereus riosaniensis",3.98282844768285,4.92541672212895,8.62760112173679,152088,174344,842182
"527","Rebutia minuscula",14.0350725327428,13.8216246872314,8.81805436841836,239375,441584,691855
"528","Rebutia ritteri",4.21719521557353,4.65878350668311,3.45379246125793,92762,159868,269245
"529","Rhipsalidopsis gaertneri",10.5419544100216,10.2990872672266,12.2033614711375,841265,820335,716342
"530","Rhipsalis campos-portoana",12.0230804938507,11.5526702504511,14.4806014070604,965863,953599,735708
"531","Rhipsalis cereuscula",19.7996605152612,22.4472166202199,26.1226156278323,1219897,1223290,2194578
"532","Rhipsalis clavata",4.48940197468215,4.42759578654653,4.53704194043434,276832,323911,578741
"533","Rhipsalis elliptica",18.9697263343651,20.0865742348911,24.6793284256353,1393732,1458929,1886456
"534","Rhipsalis floccosa",49.1676212247261,50.8900108515258,52.2493517892618,2517955,2685068,3511939
"535","Rhipsalis hileiabaiana",4.69688572591647,5.56996398470387,3.26543935819639,167127,171208,321459
"536","Rhipsalis juengeri",9.83500573479739,10.859318778852,9.93878164456957,639671,789700,1089460
"537","Rhipsalis lindbergiana",18.7293472373975,22.3558856857132,26.7770304940833,1233217,1341495,2190561
"538","Rhipsalis neves-armondii",11.8791661241251,13.7208843687889,13.7436471192332,880910,968520,1057732
"539","Rhipsalis oblonga",5.99866743170172,6.95037599207709,5.54555747142275,360209,409257,607421
"540","Rhipsalis pachyptera",16.7467898611284,18.7322395046225,18.774711758687,1282542,1395915,1490676
"541","Rhipsalis paradoxa",21.4290331818248,21.2402955287633,21.7499948398179,1537185,1560615,1763232
"542","Rhipsalis pulchra",9.12951572577236,9.6763986616864,8.06771668574022,706629,840986,8e+05
"543","Rhipsalis puniceodiscus",13.4469935627906,12.8720539648664,17.2678484181379,1085438,1196354,1301060
"544","Rhipsalis teres",30.8173704734266,30.909767473675,26.4203777855165,1849111,1954763,1939564
"545","Rhipsalis trigonoides",2.85219563626401,3.4534486908944,1.85495993138439,154980,158514,94972
"546","Rhipsalis tucumanensis",15.5080410825345,17.1111026294684,12.3724851603477,691290,751220,952830
"547","Sclerocactus brevihamatus",5.58387412050407,5.09863883997559,5.07868054534114,586353,462710,348367
"548","Sclerocactus cloverae",1.23518212524948,1.29333460084654,1.07049468688549,120640,101701,196702
"549","Sclerocactus erectocentrus",2.68247844845846,2.60949155185717,2.51139603226375,345786,312331,297923
"550","Sclerocactus intertextus",6.95026396367109,6.43174530564596,9.94208117353648,647069,454969,1177120
"551","Sclerocactus johnsonii",6.5321027025136,7.25499954216122,6.47281793275607,700836,554100,910580
"552","Sclerocactus papyracanthus",3.00250684825,2.43314102024849,0.985463128451275,212179,152316,175347
"553","Sclerocactus parviflorus",8.01039577873417,8.40488375141543,10.2291847136111,765249,656932,1377713
"554","Sclerocactus polyancistrus",10.0929053696023,10.1463175611112,7.86759084520553,1058761,931912,689029
"555","Sclerocactus scheeri",17.6864702197925,17.7699786168838,17.5843527493516,1229142,1181232,1026840
"556","Sclerocactus unguispinus",6.60722094201084,6.49425019605323,2.72052423318551,652532,657526,299390
"557","Sclerocactus warnockii",6.04274383934736,6.46362854144106,2.89612546831603,653402,453588,315167
"558","Sclerocactus whipplei",1.21266911389983,1.22090168106236,0.220250254433111,97047,113803,52151
"559","Sclerocactus wrightiae",1.34572091066017,1.44802859720874,1.05239587597184,125734,96678,150553
"560","Selenicereus costaricensis",25.1886190294652,27.1436200134755,23.3976652660323,600988,531021,950076
"561","Selenicereus monacanthus",23.9129883464583,26.716104257398,17.2658805687623,1748536,1799874,1130932
"562","Selenicereus ocamponis",19.7225834558552,20.6658663599351,20.2331093907048,1489619,1277546,1336175
"563","Selenicereus setaceus",29.2276399861105,32.1158008084486,33.3293196315828,2355144,2375288,2391799
"564","Selenicereus spinulosus",41.0628895743792,43.7814423260278,31.4632674419003,2971691,2907601,2231413
"565","Selenicereus triangularis",7.98263401407289,7.62595404132278,19.9573248615793,751983,581487,1760917
"566","Selenicereus vagans",22.6791200295919,23.5579999797768,17.8503999993612,1658322,1652445,1436663
"567","Soehrensia candicans",28.3911357927504,29.073054049744,20.7156976136577,1857136,1935562,1703016
"568","Soehrensia formosa",30.8845617759617,30.5165243519824,15.739372866055,1808718,1763223,1296045
"569","Soehrensia schickendantzii",23.0817698838311,23.9572741651048,16.725915326753,951008,1190868,1220260
"570","Soehrensia strigosa",11.6304720270281,11.9035859887542,3.90236985290574,736575,914856,297479
"571","Soehrensia tarijensis",18.1177060890103,19.7418142186956,23.913848646809,458407,738258,1038236
"572","Soehrensia volliana",9.87850675733822,11.7315393924454,6.06397444228881,184823,343431,370970
"573","Stenocactus coptonogonus",2.98273256642611,2.99020927027483,3.19852511649835,380644,326983,306957
"574","Stenocactus crispatus",6.4673987809748,6.63480696651987,6.23471145227707,662512,676859,372396
"575","Stenocactus dichroacanthus",10.8278400973427,11.6578498770665,8.29299302140449,1073099,882346,568732
"576","Stenocactus lamellosus",5.24883592883136,5.28913491529461,6.69620448109913,548260,314194,367617
"577","Stenocactus multicostatus",11.2119491184165,12.2212265672505,9.31020594697296,978514,941445,605814
"578","Stenocactus ochoterenianus",5.8690592267923,6.16211932775841,4.21124961153777,658225,569230,362963
"579","Stenocactus pentacanthus",7.92568387667523,7.63664131918972,7.01049792077965,817430,550147,474297
"580","Stenocactus phyllacanthus",5.95916964746703,6.09755317095638,6.23501795954818,618412,456955,434625
"581","Stenocereus alamosensis",20.4574166918961,20.9233631739686,14.8646803942721,1154560,1052328,1152306
"582","Stenocereus beneckei",3.15277107857558,3.31698492023637,1.4433904322221,221108,151661,56188
"583","Stenocereus chacalapensis",1.21664707807257,1.21518592888019,1.7463071323958,120115,109093,83952
"584","Stenocereus eruca",1.42047135039669,1.51974283198146,1.07924354247188,157555,102332,94986
"585","Stenocereus fricii",1.25508674592111,1.33287176796917,1.0449962833343,66227,64597,58571
"586","Stenocereus griseus",39.2483040506758,41.7734426348404,37.8163506853996,2685106,2718531,2868634
"587","Stenocereus gummosus",13.6018398059629,14.532102818738,13.286111624089,1239615,1049924,836020
"588","Stenocereus heptagonus",4.11715163419368,4.34528299882097,5.96683232101029,347806,329695,601829
"589","Stenocereus huastecorum",22.0680519993902,23.1881110965181,14.7293907034604,1388465,1313809,656697
"590","Stenocereus kerberi",6.02213850321416,6.33379627184499,10.5489335784545,419935,450325,846331
"591","Stenocereus martinezii",2.62812001552631,2.79727565721235,2.50645986166633,178726,138367,220087
"592","Stenocereus montanus",8.41157693667073,8.21356618476401,3.79043540950481,596953,492714,286832
"593","Stenocereus pruinosus",40.7994799573445,43.5327437482503,32.1002274397301,3018548,3034593,2153368
"594","Stenocereus queretaroensis",18.1092038611663,17.5709878401923,13.8189002415228,1208816,1086801,804620
"595","Stenocereus standleyi",8.71426442331442,8.61068172641608,12.0718314568818,639911,683381,941621
"596","Stenocereus stellatus",10.4261005800988,10.9190386000641,5.61362972947905,783073,717894,290826
"597","Stenocereus thurberi",26.8583742542464,27.5678170997096,22.665070705556,1677958,1613869,1914388
"598","Stenocereus treleasei",6.85566464146609,8.04787940256731,10.4139953154483,573351,503803,729351
"599","Stephanocereus leucostele",8.13471022688224,8.49773436101388,3.16873641319132,416983,417321,178843
"600","Stephanocereus luetzelburgii",5.0689352755695,5.24244813929906,2.05790571142833,165313,182613,143425
"601","Stetsonia coryne",36.1389197825909,37.5543411433225,29.784834129933,1896147,2172141,2256532
"602","Strombocactus disciformis",6.8141497147867,6.80019783955874,2.04809764615455,719030,481758,153718
"603","Tacinga funalis",6.94092261086931,8.21078528597135,6.85061940297343,362025,352126,399282
"604","Tacinga inamoena",19.4893508657302,20.8319271754919,23.2565868373436,1329657,1329378,1601683
"605","Tacinga palmadora",15.1062551822464,17.2167853090469,12.2142918923279,892791,878485,631915
"606","Tacinga saxatilis",2.5125650954882,2.76689717731814,2.28455189102013,208476,315027,203161
"607","Tacinga subcylindrica",9.63544384871623,12.1182417333153,6.29818491089348,696677,726853,244902
"608","Tephrocactus alexanderi",15.3841220897888,16.2111568839326,4.01476918787924,527646,755797,231075
"609","Tephrocactus aoracanthus",12.7199548772882,12.399768502409,3.02245968147919,1043363,1058350,275449
"610","Tephrocactus verschaffeltii",15.6788997865135,16.4641171876716,17.0801805665574,463874,760388,1050178
"611","Tephrocactus weberi",9.13992664234622,9.72479338157834,8.78069559916745,176690,268995,587403
"612","Thelocactus bicolor",21.1624180357616,22.7886245649652,13.9248412655122,1600349,1512658,846782
"613","Thelocactus buekii",4.7505556959234,5.07753259447702,0.499149926645888,337745,536620,11986
"614","Thelocactus conothelos",9.4823178603335,10.0007517295148,4.41026756205524,834039,881960,177589
"615","Thelocactus hexaedrophorus",6.71306519178629,6.65490958079876,7.74397360006116,696656,445523,362761
"616","Thelocactus leucacanthus",3.34869713546551,3.32765629149448,2.01392053886521,391859,335342,179547
"617","Thelocactus rinconensis",6.27958587337029,6.40500241122661,5.19621136405856,608635,697226,290878
"618","Thelocactus setispinus",15.1999165161285,14.9559451938025,14.0425184315775,1031816,1084605,911050
"619","Thelocactus tulensis",1.62656185892465,1.83041660260663,0.985230954773651,146465,66144,14119
"620","Trichocereus bridgesii",15.6613203398642,16.7242860203459,5.91852045450644,673023,984789,329676
"621","Trichocereus cuzcoensis",14.171718932495,14.1526263530539,16.7487058606708,275942,490043,1211288
"622","Trichocereus macrogonus",43.7216536447487,43.894563412708,39.571960102224,1752814,2288002,3333954
"623","Trichocereus tacaquirensis",4.99600603218014,5.60454826421311,4.30099046451338,137050,257815,212894
"624","Turbinicarpus pseudopectinatus",4.85910600437361,5.26525962693382,0.705862685361259,486919,426161,15813
"625","Turbinicarpus valdezianus",1.76455348076904,1.72487623739006,1.45405247723321,245699,155643,75204
"626","Uebelmannia pectinifera",1.57119412304851,1.94458057906303,1.38591482618411,87794,118870,180866
"627","Weberbauerocereus cuzcoensis",8.37716801843527,8.73293286264202,9.20780585594028,192555,320347,569257
"628","Weberbauerocereus weberbaueri",3.36276601663458,3.53695328813293,1.53960452088185,48799,63031,143628
"629","Weingartia fidana",4.27144169591875,4.41493752971255,2.60384723221968,86359,140928,157469
"630","Weingartia neocumingii",7.44560617441166,8.22531627218301,3.42728467463371,470770,648157,119922
"631","Xiquexique gounellei",20.0258475766211,23.7193599641641,24.2188300320058,1399250,1449345,1479578
"632","Xiquexique tuberculatus",9.47711627530723,10.41800092319,6.97263900656958,559789,499149,301081
