"species","rangeSize100","rangeSize0","GCM","nicheSize","nicheDensity","rangeChange0_SSP1","rangeChange0_SSP3","rangeChange0_SSP5","rangeChange100_SSP1","rangeChange100_SSP3","rangeChange100_SSP5"
"Acanthocalycium leucanthum",910053,819802,"MPI-ESM1-2-HR",40.298503625649,2631000,0.756854703940708,0,0,0.781628102978618,0,0
"Acanthocalycium rhodotrichum",753633,626113,"UKESM1-0-LL",10.6895265342959,941476,0.312764628749124,0.080921495001701,3.03459599145841e-05,0.292759207731084,0.0757848979543093,0.00228227797880401
"Acanthocalycium thionanthum",19882,6761,"MPI-ESM1-2-HR",4.9653341628999,156730,1.37568407040379,1.41487945570182,2.03372282206774,1.34800321899205,1.36942963484559,2.99129866210643
"Acanthocereus oaxacensis",16580,10753,"GFDL-ESM4",2.12340654756472,136743,0,0,0,0,0,0
"Acanthocereus tetragonus",2554083,2453827,"GFDL-ESM4",73.8524665150533,4126555,1.01940519849199,0.65220897805754,0.582198337535613,1.02175457884493,0.656745297627368,0.595974367316959
"Acharagma roseanum",18993,9075,"GFDL-ESM4",0.657519889440178,64536,0,0,0,0,0,0
"Airampoa ayrampo",754480,680763,"UKESM1-0-LL",28.4963742358947,1939228,1.02493966328957,1.03531037967692,1.02005396885553,1.02302512989079,1.03173974127876,1.02032923337928
"Aporocactus flagelliformis",54623,48337,"UKESM1-0-LL",6.34296044112113,478366,0.243188447772928,0,0,0.514563462277795,0,0
"Aporocactus martianus",27303,14345,"UKESM1-0-LL",4.20205235228491,316588,1.88476821192053,1.88476821192053,1.88476821192053,3.27319342196828,3.27319342196828,3.27319342196828
"Ariocarpus fissuratus",345368,256418,"GFDL-ESM4",8.92941505015314,813998,0,0,0,0,0,0
"Ariocarpus retusus",160494,105260,"UKESM1-0-LL",10.4932457514237,530670,1.06991259737792,0.968972069162075,0.904759642789284,1.09739304896133,0.955312971201416,0.881665358206537
"Armatocereus cartwrightianus",87770,63458,"UKESM1-0-LL",16.4107371168153,667245,0.0038450628762331,0.00340382615273094,0,0.0695340093426,0.07297482055372,0.0748547339637689
"Armatocereus godingianus",44536,18400,"UKESM1-0-LL",7.59628279573508,661426,0,0,0,0,0,0
"Armatocereus laetus",42231,31893,"MPI-ESM1-2-HR",7.80081914086471,342203,0.0100335496817483,0.00178722603706142,0.0217289060295363,0.0807937297246099,0.00227321162179442,0.0340744950391892
"Armatocereus matucanensis",200955,167498,"MPI-ESM1-2-HR",21.136338313939,736553,0.398309233543087,0.544949790445259,0.692903795866219,0.356990370978577,0.532198750964146,0.636112562513996
"Arrojadoa dinae",70472,45837,"MPI-ESM1-2-HR",4.64944580903473,218945,0,0,0,0,0,0
"Arrojadoa penicillata",288005,258042,"GFDL-ESM4",8.47430386045425,415351,0,0,0,0,0,0
"Arrojadoa rhodantha",540900,471365,"GFDL-ESM4",12.0582954104812,705487,0.579145672674042,0.159506963817848,0.200318224730305,0.585457570715474,0.14057866518765,0.177581808097615
"Arthrocereus glaziovii",28173,8976,"UKESM1-0-LL",1.55667554407999,208761,0,0,0,0,0,0
"Astrophytum asterias",70009,34743,"UKESM1-0-LL",2.44503317222826,85118,1.37935699277552,1.37935699277552,1.37935699277552,1.96550443514405,1.96607579025554,1.96610435801111
"Astrophytum capricorne",80838,42516,"GFDL-ESM4",4.04960374199273,383878,0,0,0,0,0,0
"Astrophytum myriostigma",114086,88536,"UKESM1-0-LL",4.23021091198216,173271,0.0680740037950664,0.0453713743561941,0,0.0790018056553828,0.0554581631400873,0
"Astrophytum ornatum",46053,19429,"GFDL-ESM4",8.0753914380196,754511,0.988264964743425,0.182870966081631,0.00473518966493386,1.50726337046446,0.268820706577205,0.00199769830412785
"Austrocactus coxii",160060,83932,"GFDL-ESM4",9.41634430972472,823806,0.038078444455035,0,0,0.0970698488066975,0,0
"Austrocylindropuntia cylindrica",125746,100048,"MPI-ESM1-2-HR",17.1082063978966,1143833,0,0,0.0649488245642092,0.00576559095319135,0.00336392410096544,0.13804017622827
"Austrocylindropuntia exaltata",225045,181643,"UKESM1-0-LL",9.90848255899365,504703,0.669125702614469,0.635224038360961,0.988119553189498,0.631571463485081,0.5833588837788,0.881712546379613
"Austrocylindropuntia floccosa",410377,378424,"UKESM1-0-LL",23.9401276815783,1652402,0.570954802021013,0.510060144176902,0.654075851425914,0.559275982815801,0.507482144467161,0.646800381112977
"Austrocylindropuntia shaferi",197242,156974,"MPI-ESM1-2-HR",11.2685207064554,376061,0.701511078267739,0.00737701785008982,0.0149897435244053,0.688250981028381,0.0567526186106407,0.020066720069762
"Austrocylindropuntia subulata",841341,775049,"UKESM1-0-LL",35.8717407477842,2498472,2.94677884882117,3.08432370082408,3.02105157222318,2.81326715327079,2.95215138689307,2.89420817480665
"Austrocylindropuntia vestita",286823,233568,"MPI-ESM1-2-HR",14.7686918155665,699595,1.52309819838334,1.52324376626935,1.52324376626935,1.61973412174059,1.63074090989914,1.63074090989914
"Aylostera deminuta",161064,125255,"UKESM1-0-LL",14.3324685681095,1074430,1.50342900483015,1.46545846473195,1.49746517105106,1.8699957780758,1.59312447225947,1.61593528038544
"Aylostera pygmaea",194268,128085,"UKESM1-0-LL",14.2408189096586,666194,0,0,0,0,0,0
"Bergerocactus emoryi",22760,14277,"GFDL-ESM4",2.88676014667359,374515,2.39111858233522,2.39111858233522,2.39111858233522,3.22521968365554,3.22521968365554,3.15127416520211
"Borzicactus acanthurus",31502,21501,"MPI-ESM1-2-HR",6.3442247041984,38330,0.423468675875541,0.988047067578252,0.0586949444211897,0.395593930544092,0.988476922100184,0.0571392292552854
"Borzicactus icosagonus",41877,8147,"GFDL-ESM4",3.59883125784265,60751,0,0,0,0,0,0.011271103469685
"Borzicactus sepium",35467,19098,"GFDL-ESM4",11.9411123704158,669036,1.90684888469997,2.05717876217405,2.05717876217405,2.54710012123946,3.15487636394395,3.14447232638791
"Brasiliopuntia brasiliensis",7875928,7786346,"GFDL-ESM4",45.2427250029519,2530426,0.468042262699346,0.0673688274320201,0.0253437234872429,0.470006836019832,0.0684213974531001,0.0257626783789796
"Browningia altissima",49089,23693,"UKESM1-0-LL",7.50440732365564,788884,1.14915797914996,1.28966361372557,1.28966361372557,1.87716188962904,2.07319358715802,2.07319358715802
"Cactus coquimbanus",24701,5842,"UKESM1-0-LL",3.33756864268161,61165,0,0,0,0,0,0
"Carnegiea gigantea",299635,279520,"MPI-ESM1-2-HR",22.9360780059827,1576851,0.224542072123641,0.0506940469376073,0.0169791070406411,0.25736979992324,0.0480851702905201,0.0267391993592204
"Cephalocereus apicicephalium",67426,58278,"GFDL-ESM4",2.76464332353198,203078,0,0,0,0.01066354225373,0,0
"Cephalocereus columna-trajani",21129,5094,"MPI-ESM1-2-HR",2.63941361301306,119970,1.09619159795838,1.09619159795838,1.09619159795838,2.52690614794832,2.52690614794832,2.52690614794832
"Cephalocereus mezcalaensis",94451,41260,"UKESM1-0-LL",4.89167449437043,193428,0,0,0,0,0,0
"Cephalocereus nudus",199307,160449,"UKESM1-0-LL",9.98709128493723,532391,0.000828923832495061,0,0,0.00703939149151811,0,0
"Cephalocereus polylophus",24041,10857,"GFDL-ESM4",6.0554594604644,528761,1.66804826379294,1.80316846274293,1.80316846274293,3.7362006572106,3.83249448858201,3.83249448858201
"Cephalocereus scoparius",35191,23453,"GFDL-ESM4",6.6904936711837,427948,1.70033684390057,3.09708779260649,3.10066942395429,2.15779602739337,3.72907845756017,3.7435139666392
"Cephalocereus senilis",25218,3465,"MPI-ESM1-2-HR",1.65244252396186,94760,1.10591630591631,1.10591630591631,1.10591630591631,2.00043619636767,2.00043619636767,2.00043619636767
"Cephalocereus tetetzo",74849,43867,"GFDL-ESM4",12.058167321511,925859,1.67902979460642,1.67902979460642,1.67902979460642,1.638485484108,1.638485484108,1.638485484108
"Cephalocereus totolapensis",13543,5310,"GFDL-ESM4",1.50245478264923,133043,0,0,0,0,0,0
"Cereus fernambucensis",923376,914946,"UKESM1-0-LL",25.8375233805777,2127675,1.41915916349162,1.41915916349162,1.41915916349162,1.43914721630192,1.43914721630192,1.43914721630192
"Cereus fricii",264397,216825,"UKESM1-0-LL",11.7880907379672,1216387,0.0515438717860025,0,0,0.0441797751109128,0,0
"Cereus hankeanus",594380,531299,"UKESM1-0-LL",16.3372297585026,1199975,1.24547571141674,1.2405858094971,1.24547571141674,1.31168780914566,1.30142501430062,1.31168780914566
"Cereus hexagonus",1872488,1806062,"UKESM1-0-LL",41.6268552839907,3116386,1.64699495366161,1.88684220143052,1.91266966471804,1.62871965000577,1.8597085802419,1.88474265255638
"Cereus hildmannianus",2352994,2301078,"GFDL-ESM4",42.2296401344952,2285250,0.884049562857061,0.772670461409826,0.612869272575723,0.884930433311772,0.771574428154088,0.611761015965192
"Cereus jamacaru",1666551,1652591,"UKESM1-0-LL",32.6804400277911,2099221,0,0,0,0,0,0
"Cereus repandus",253583,190905,"MPI-ESM1-2-HR",13.6472536018616,1100787,0.175516618213247,0.0961472983944894,0.0214766506901338,0.142194074523923,0.0750799540978693,0.0161682762645761
"Cereus vargasianus",76924,33004,"MPI-ESM1-2-HR",6.74610165936943,293197,0.801145315719307,0.63952854199491,1.39643679553993,0.960467474390307,0.80930528833654,1.52375071499142
"Cipocereus minensis",100667,51111,"UKESM1-0-LL",5.41571583020785,667045,0.00457827082232787,0,0,0.00244370051754796,0,0
"Cleistocactus buchtienii",56613,34434,"GFDL-ESM4",8.74247235762305,195396,0,0,0,0,0,0
"Cleistocactus candelilla",29313,10528,"UKESM1-0-LL",3.96275941406473,214398,0,0,0,0,0,0
"Cleistocactus hyalacanthus",101482,42834,"GFDL-ESM4",8.60694223532064,167107,0,0,0,0,0,0
"Cleistocactus parviflorus",87312,65242,"UKESM1-0-LL",7.41235125080305,370690,0,0,0,0,0,0
"Cleistocactus smaragdiflorus",129393,88858,"MPI-ESM1-2-HR",13.2116262991823,406777,1.95731391658601,2.16672668752391,2.16672668752391,2.16627638280278,2.32290773071186,2.32290773071186
"Cleistocactus tominensis",105056,44306,"UKESM1-0-LL",6.35791706583506,298919,1.12853789554462,1.11984832754029,1.12853789554462,1.36110265001523,1.29351964666464,1.3478430551325
"Cochemiea albicans",20650,11244,"GFDL-ESM4",3.53229259183389,277360,1.00195659907506,1.44726076129491,1.37033084311633,0.977142857142857,1.49138014527845,1.32271186440678
"Cochemiea armillata",9758,8847,"UKESM1-0-LL",1.80858455058581,129987,0.925172374816322,0,0.223352548886628,0.860934617749539,0,0.202500512400082
"Cochemiea barbata",208913,175260,"UKESM1-0-LL",9.37545675864467,905945,1.72316558256305,1.6211799612005,1.63687093461143,1.85649528751203,1.72947590623848,1.73063428317051
"Cochemiea blossfeldiana",40342,32132,"MPI-ESM1-2-HR",1.46634071378309,104003,1.87240134445413,1.87240134445413,1.87240134445413,2.03115859402112,2.05200535422141,2.05200535422141
"Cochemiea capensis",9146,8049,"UKESM1-0-LL",0.834653879816227,56652,1.08510373959498,1.08510373959498,1.08510373959498,1.86573365405642,1.78547999125301,1.86573365405642
"Cochemiea conoidea",484089,399296,"MPI-ESM1-2-HR",18.3100548717276,1441766,1.30126021798365,1.30175358631191,1.30175358631191,1.37377217825648,1.37417912821816,1.37417912821816
"Cochemiea dioica",187372,163075,"UKESM1-0-LL",18.4846262826084,1294130,0.0512892840717461,0.178978997393837,0.262069599877357,0.0625547040112717,0.15577033921824,0.279919091433085
"Cochemiea fraileana",3698,1963,"MPI-ESM1-2-HR",0.998803796666137,91621,1.23942944472746,1.2633723892002,0.60570555272542,1.21362898864251,1.24067063277447,0.641968631692807
"Cochemiea grahamii",569770,523962,"UKESM1-0-LL",20.409595032534,2154854,1.01528355109722,1.14220496906264,1.24274279432478,1.05266686557734,1.16985274759991,1.26780806290257
"Cochemiea hutchisoniana",84241,69390,"GFDL-ESM4",5.88302765896768,641656,1.48664072632944,1.48664072632944,1.48664072632944,1.57340249997032,1.57340249997032,1.57340249997032
"Cochemiea mainiae",65729,51146,"UKESM1-0-LL",3.29370823032719,298649,1.39508465960192,1.41213389121339,1.40671802291479,1.9812259428867,2.12915151607357,2.10738030397541
"Cochemiea phitauiana",5371,5153,"UKESM1-0-LL",1.11300883449134,108313,1.49951484572094,1.49951484572094,1.49951484572094,2.90299757959412,2.90299757959412,2.90299757959412
"Cochemiea poselgeri",39756,36030,"MPI-ESM1-2-HR",5.16879270338107,435996,1.35026366916459,1.35051346100472,1.35051346100472,1.64931079585471,1.64953717677835,1.64953717677835
"Cochemiea schumannii",8784,7487,"GFDL-ESM4",1.47265895773766,147385,1.25924936556698,1.25924936556698,1.25924936556698,1.96459471766849,1.96459471766849,1.96459471766849
"Cochemiea tetrancistra",266582,237017,"UKESM1-0-LL",14.4242053321273,1634333,1.13831497318758,1.17395798613602,1.54762738537742,1.21434305391962,1.31251922485389,1.7559700204815
"Coleocephalocereus aureus",33346,8611,"MPI-ESM1-2-HR",1.33302393772879,107495,0,0,0,0,0,0
"Coleocephalocereus goebelianus",86476,61004,"MPI-ESM1-2-HR",2.04075194289092,132726,0,0,0,0,0,0
"Consolea moniliformis",49925,41895,"UKESM1-0-LL",3.30863784028757,223055,0.0625611648168039,0,0,0.146680020030045,0,0
"Copiapoa atacamensis",3752,1427,"UKESM1-0-LL",0.354101691154202,32102,0,0,0,0,0,0
"Copiapoa cinerea",7049,2141,"GFDL-ESM4",1.51408904318987,73579,1.10415693601121,1.33208780943484,1.40448388603456,1.07093204709888,1.51326429280749,1.33252943679955
"Copiapoa coquimbana",33663,24154,"MPI-ESM1-2-HR",4.67886631672321,300077,0,0,0,0,0,0
"Copiapoa echinoides",12030,2739,"MPI-ESM1-2-HR",1.09369932485418,45898,1.03797006206645,1.02300109529025,1.02738225629792,1.15652535328346,1.08462177888612,1.07581047381546
"Copiapoa humilis",8660,4339,"UKESM1-0-LL",2.39997091788612,180751,0.749020511638626,0.6084351233003,0.623646001382807,0.753810623556582,0.607390300230947,0.584757505773672
"Corryocactus aureus",26861,9875,"MPI-ESM1-2-HR",2.46423262443088,27795,1.35311392405063,1.49529113924051,1.37235443037975,1.34350917687353,1.87949071144038,1.46290160455679
"Corryocactus brevistylus",424207,334088,"MPI-ESM1-2-HR",44.9336480579637,2222058,0.8233519312277,1.47151349345083,1.23820071358444,0.799682702077052,1.45748655727039,1.23703757835208
"Corryocactus erectus",28862,4825,"GFDL-ESM4",3.75536981549006,149884,0,0,0,0.0112258332755873,0,0
"Corryocactus melanotrichus",107143,75232,"MPI-ESM1-2-HR",8.75337811875838,339244,0.937180986814122,0.213433113568694,0.367609527860485,0.907609456520725,0.254071661237785,0.384980820025573
"Coryphantha bumamma",105173,73012,"UKESM1-0-LL",2.44954212553491,102743,1.17049252177724,1.17049252177724,1.17049252177724,1.42921662403849,1.42921662403849,1.42921662403849
"Coryphantha clavata",80262,53177,"MPI-ESM1-2-HR",7.43248082436427,531943,0,0,0,0,0,0
"Coryphantha compacta",529396,465445,"MPI-ESM1-2-HR",8.47447576303846,617618,1.20829743578726,1.20829743578726,1.20829743578726,1.24219865658222,1.2436644780089,1.2436644780089
"Coryphantha cornifera",177160,118039,"MPI-ESM1-2-HR",11.7502053213954,913014,0,0,0,0,0,0
"Coryphantha delaetiana",237308,192757,"GFDL-ESM4",7.33737100430929,715498,1.36583366622224,1.41392011703855,1.41392011703855,1.41336575252415,1.51357307802518,1.51360257555582
"Coryphantha delicata",272147,225047,"MPI-ESM1-2-HR",16.6452595163475,1350651,1.45053255542176,1.40955444862629,1.59139646384977,1.5343141757947,1.50272830492344,1.79576111439773
"Coryphantha difficilis",43194,25634,"GFDL-ESM4",1.52637420369301,159923,0,0,0,0,0,0
"Coryphantha durangensis",50695,20615,"UKESM1-0-LL",1.38879943096651,144130,1.21367935968955,0.895415959252971,1.54601018675722,1.50981359108393,1.27166387217674,2.15431502120525
"Coryphantha echinoidea",66458,39906,"UKESM1-0-LL",6.37279195642627,376994,0.158271939056783,0,0,0.323723253784345,0,0
"Coryphantha echinus",371063,299564,"GFDL-ESM4",7.13290314945166,742556,1.26603330173185,1.27592768156387,1.27592768156387,1.28431829635399,1.33202448101805,1.33202448101805
"Coryphantha elephantidens",203321,170783,"GFDL-ESM4",14.0830328574079,1121421,0.00595492525602665,0,0,0.0050019427407892,0,0
"Coryphantha erecta",66527,29148,"MPI-ESM1-2-HR",14.0723826412163,1003640,0,0,0,0,0,0
"Coryphantha georgii",37679,21240,"MPI-ESM1-2-HR",4.09181312379469,207361,0,0,0,0,0,0
"Coryphantha glanduligera",68042,36891,"GFDL-ESM4",8.82197022856209,887934,0.115366891653791,0.319942533409233,0.778428342956277,0.1791393551042,0.535272331795068,0.806942770641663
"Coryphantha glassii",21419,6862,"MPI-ESM1-2-HR",3.03203084523975,121289,0,0,0,0,0,0
"Coryphantha hintoniorum",13629,8468,"UKESM1-0-LL",1.93411487778803,107991,1.2954652810581,1.2954652810581,1.2954652810581,5.31220192237141,5.31220192237141,5.31220192237141
"Coryphantha neglecta",50188,24357,"UKESM1-0-LL",2.94514461865571,172743,1.46557457815002,1.46557457815002,1.46557457815002,2.12247947716586,2.12247947716586,2.12247947716586
"Coryphantha nickelsiae",49819,22225,"GFDL-ESM4",3.47495121686253,325073,0,0,0,0.0265561332021919,0,0
"Coryphantha octacantha",60412,32474,"UKESM1-0-LL",5.11982615790553,343500,2.12505388926526,2.12505388926526,2.12505388926526,2.36441435476395,2.36441435476395,2.36441435476395
"Coryphantha ottonis",271664,230883,"GFDL-ESM4",9.82174950404964,909266,0.00154623770481153,0,0,0.00131412332881795,0,0
"Coryphantha pallida",36604,18152,"UKESM1-0-LL",3.94569578610148,147714,0,1.1962318201851,1.13915821947995,0,0.942847776199322,1.54280952901322
"Coryphantha poselgeriana",410611,342197,"GFDL-ESM4",8.68938253565377,789407,0,0,0,0,0,0
"Coryphantha pseudoechinus",43001,21618,"GFDL-ESM4",2.15168845234078,201782,0,0,0,0,0,0
"Coryphantha pseudonickelsiae",69449,38312,"UKESM1-0-LL",1.39112988949682,148262,1.43406765504281,1.39864794320317,1.63966903320109,1.71687137323792,1.63122579158807,2.01637172601477
"Coryphantha pycnacantha",95448,68356,"UKESM1-0-LL",9.12139185816585,579292,0,0,0,0,0,0
"Coryphantha ramillosa",96240,42542,"MPI-ESM1-2-HR",6.08812143043199,558614,2.41126416247473,2.41126416247473,2.41126416247473,2.19554239401496,2.19554239401496,2.19554239401496
"Coryphantha recurvata",210216,164625,"MPI-ESM1-2-HR",5.07978191078035,364568,2.10775398633257,2.10775398633257,2.10775398633257,2.05782147885984,2.05782147885984,2.05782147885984
"Coryphantha retusa",61213,37371,"UKESM1-0-LL",2.86724550422289,91204,0,0.0120681812100292,0.0246982954697493,0,0.00893601032460425,0.0185581494127065
"Coryphantha robustispina",509954,403767,"MPI-ESM1-2-HR",9.88596219860805,776019,1.00812597364322,1.01039460877189,0.648272394722699,1.00571424089232,1.01019111527706,0.692133015919083
"Coryphantha salinensis",23856,14243,"GFDL-ESM4",3.55111702997321,390647,1.38826090009127,1.50614336867233,1.47651477918978,2.42429577464789,3.61410127431254,3.51207243460765
"Coryphantha sulcata",217153,168119,"GFDL-ESM4",9.66958595346306,860206,0.110677555778942,0,0,0.086874231532606,0,0
"Cumulopuntia boliviana",657692,564021,"UKESM1-0-LL",36.2334891726758,1912240,0,0,0,0,0,0
"Cumulopuntia corotilla",56407,38347,"MPI-ESM1-2-HR",6.6937343864298,93055,1.99861788405873,1.7353639137351,2.22252066654497,2.37121279273849,1.95801939475597,2.55462974453525
"Cumulopuntia glomerata",150672,132671,"UKESM1-0-LL",14.5854816672601,1121526,2.37196523731637,2.37196523731637,2.37196523731637,2.58428241478178,2.58428241478178,2.58428241478178
"Cumulopuntia leucophaea",315212,269508,"MPI-ESM1-2-HR",21.4026183338144,762562,0.0045750033394185,0.00208899179245143,0,0.0182226564978491,0.0388024567592604,0
"Cumulopuntia sphaerica",394981,375991,"GFDL-ESM4",41.1883395440008,1973581,0.0430276256612525,0,0.00107715344250261,0.0484200505847117,0,0.00102536577708801
"Cylindropuntia acanthocarpa",395044,363633,"GFDL-ESM4",22.2771756428376,1997601,0.266491215043739,0.000385003561282942,0.0699496470342351,0.336635919036867,0.000354390903291785,0.119660088496471
"Cylindropuntia anteojoensis",21594,8424,"GFDL-ESM4",0.428000360975188,33049,0,0,0,0,0,0
"Cylindropuntia arbuscula",251235,217330,"MPI-ESM1-2-HR",13.8836454842171,936658,1.06729397690149,1.33648368840013,1.33648368840013,1.15965530280415,1.45483312436563,1.45483312436563
"Cylindropuntia bernardina",66793,39715,"GFDL-ESM4",6.65519921018831,692233,1.81586302404633,1.88981493138613,1.07062822611104,2.44515143802494,2.57594358690282,1.73596035512703
"Cylindropuntia bigelovii",408276,359806,"MPI-ESM1-2-HR",18.5442112136907,1377679,1.27198267955509,1.37204493532626,1.26128802743701,1.34181778992642,1.51208986078045,1.36859869304098
"Cylindropuntia californica",88939,68572,"MPI-ESM1-2-HR",12.471038981896,854551,0.912398646677944,1.05694744210465,1.79745377121857,0.890295595857835,1.01715782727487,1.84364564476776
"Cylindropuntia calmalliana",45111,34844,"UKESM1-0-LL",7.19273776791357,422794,0.00212375157846401,0,0,0.0016847332136286,0,0
"Cylindropuntia caribaea",15435,11378,"UKESM1-0-LL",2.34485219107542,124445,0,0,0,0,0,0
"Cylindropuntia cholla",135845,131252,"MPI-ESM1-2-HR",13.5681093410828,1044492,0.987611617346783,0.988723981348856,1.05889434065767,0.987559350730612,0.98870035702455,1.06538334130811
"Cylindropuntia chuckwallensis",31824,5669,"UKESM1-0-LL",3.19913349948834,392902,1.05609454930323,1.05609454930323,1.05609454930323,1.53377953745601,1.57714303670186,1.48108345902464
"Cylindropuntia echinocarpa",478056,375484,"MPI-ESM1-2-HR",21.0221638982495,1781741,0.747488574746194,1.31155521939683,1.32944146754589,0.665647957561457,1.3567280820657,1.37550621684489
"Cylindropuntia fulgida",713698,678054,"UKESM1-0-LL",20.1881522427411,1917620,0.552023880103945,0.6529332472045,0.661490087810115,0.635775916424034,0.742704897589737,0.748588338484905
"Cylindropuntia ganderi",92018,76103,"MPI-ESM1-2-HR",8.22989024461863,627170,1.53762663758328,1.80195261684822,1.80195261684822,1.55502184355235,1.95843204590406,1.96284422612967
"Cylindropuntia imbricata",2160912,2126097,"GFDL-ESM4",44.913807618939,3253617,0.394805599180094,0.0269131652977263,0.0178378502956356,0.393583357397247,0.0269094715564539,0.017894296482226
"Cylindropuntia kleiniae",1460831,1400061,"GFDL-ESM4",20.9491183082464,1623863,0.786994280963472,0.0207398106225372,0.000266416963260886,0.792840513379029,0.019877042587404,0.000255334121469219
"Cylindropuntia leptocaulis",1757239,1646041,"MPI-ESM1-2-HR",41.2491090592129,2524276,1.42826393753254,1.50074755124569,1.50074755124569,1.4383643886802,1.54250844648907,1.54250844648907
"Cylindropuntia lindsayi",94768,85352,"MPI-ESM1-2-HR",5.76914862967674,515859,0.00209719748804949,0,0,0.00188882323147054,0,0
"Cylindropuntia molesta",97748,80805,"GFDL-ESM4",6.71781521707296,762015,1.27961141018501,1.28764309139286,1.2878410989419,1.3755064042231,1.38281090150182,1.38153210295863
"Cylindropuntia multigeniculata",61652,41874,"GFDL-ESM4",2.81095902834277,295157,1.74540287529254,1.74540287529254,1.74124755218035,2.66484461169143,2.66484461169143,2.6592973463959
"Cylindropuntia munzii",70040,45594,"MPI-ESM1-2-HR",6.75800441521561,627414,0,0,0,0,0,0
"Cylindropuntia prolifera",33741,23573,"UKESM1-0-LL",5.53285558854201,453896,2.15097781360031,1.99444279472278,2.50188775293768,2.68513084970807,2.65371506475801,3.18046293826502
"Cylindropuntia ramosissima",215653,202454,"MPI-ESM1-2-HR",18.4961797270087,1552810,1.355384433007,2.37924664368202,2.44044079148844,1.45068698325551,2.53391791442734,2.6574404251274
"Cylindropuntia tesajo",73729,41221,"UKESM1-0-LL",3.86904668542257,309938,0,0,0,0,0,0
"Cylindropuntia thurberi",331798,273002,"MPI-ESM1-2-HR",26.8186225182997,1777356,0.00556772477857305,0,0,0.00548526513119428,0,0
"Cylindropuntia tunicata",220427,198221,"GFDL-ESM4",13.9156045019308,1202404,1.32504124184622,1.8539811624399,1.90081272922647,1.35783275188611,2.02403970475486,2.08919506231088
"Cylindropuntia whipplei",416562,355104,"GFDL-ESM4",18.4204739159494,1643116,0.0593544426421555,0,0,0.123186944560474,0,0.00334644062588522
"Cylindropuntia wolfii",29607,9402,"MPI-ESM1-2-HR",4.69406290184974,452121,1.42001701765582,1.42001701765582,1.42001701765582,2.63917316850745,2.63917316850745,2.63917316850745
"Cylindropuntia x antoniae",139318,112686,"MPI-ESM1-2-HR",1.95443659707081,122279,0,0,0,0,0,0
"Cylindropuntia x parryi",30765,18100,"UKESM1-0-LL",3.22347854077427,334201,0.93646408839779,0.954475138121547,0.783149171270718,0.876157971721112,0.857695433122054,0.608971233544612
"Deamia testudo",503818,468191,"MPI-ESM1-2-HR",39.923552480885,2740011,1.21999568552151,1.32697339333733,1.30696660123753,1.23891564017165,1.3224716068104,1.32235450103013
"Discocactus placentiformis",52134,30065,"UKESM1-0-LL",0.908006225535808,128724,0.208681190753368,0.822750706801929,1.81596540828206,0.689166378946561,0.871580926075114,1.8733072467104
"Disocactus anguliger",101352,76293,"UKESM1-0-LL",5.81214322629518,345721,0.0101975279514503,0,0,0.0143460415186676,0,0
"Disocactus aurantiacus",2135,1210,"UKESM1-0-LL",1.50199951276773,128363,0.148760330578512,0.0115702479338843,0,0.131147540983607,0.00655737704918033,0
"Disocactus crenatus",411167,379422,"UKESM1-0-LL",28.3863568979498,1768344,0,0,0,0,0,0
"Disocactus nelsonii",81390,41803,"UKESM1-0-LL",21.6086510945544,1982975,3.09090256680143,3.09496926057938,3.09496926057938,2.70315763607323,2.7052463447598,2.7052463447598
"Disocactus speciosus",267938,248984,"GFDL-ESM4",21.0256849156114,1659554,0.216568132892073,0,0,0.234692354201345,0,0
"Echinocactus horizonthalonius",899002,750247,"UKESM1-0-LL",14.6027481031284,1223347,0.976611702545962,0.900459448688232,1.03260926068348,0.959807653375632,0.889238288680114,1.00179421180376
"Echinocactus platyacanthus",321240,301359,"GFDL-ESM4",21.5204785299303,1664107,0.0305582378492097,0,0,0.0562103100485618,0,0
"Echinocereus acifer",204798,161920,"MPI-ESM1-2-HR",19.8715466486566,1355411,1.26232089920949,1.26232089920949,1.26232089920949,1.52572779031045,1.52581079893358,1.52581079893358
"Echinocereus arizonicus",229805,165633,"GFDL-ESM4",5.84827903393787,591454,0,0,0,0.00192772132895281,0,0
"Echinocereus bonkerae",76502,42207,"UKESM1-0-LL",5.01280938439157,601736,1.76394910796787,1.76394910796787,1.76394910796787,1.95915139473478,1.95915139473478,1.93813233640951
"Echinocereus brandegeei",54501,45882,"GFDL-ESM4",10.0509664551298,977962,0.00196155355041193,0,0,0.00299077081154474,0,0
"Echinocereus chloranthus",206303,129164,"MPI-ESM1-2-HR",9.74353568183911,703138,1.21293858969992,1.42271066241368,0.783809730265399,1.24428146948905,1.45210200530288,0.882372045001769
"Echinocereus cinerascens",136382,91436,"GFDL-ESM4",11.9783110008172,1162372,0.408701168030098,1.22604882103329,1.25755719847762,0.494398087724186,1.32585678461967,1.39238315906791
"Echinocereus dasyacanthus",409754,363914,"MPI-ESM1-2-HR",11.9787997018106,954091,1.38414020895047,1.39515380007364,1.39515380007364,1.53607042274145,1.54585190138473,1.54585190138473
"Echinocereus enneacanthus",782353,726503,"GFDL-ESM4",21.4845766246285,1688783,0.544951638190069,0.103780713913088,0.0632853546372142,0.62030566764619,0.126518336352005,0.0959323988020753
"Echinocereus ferreiranus",31460,20698,"MPI-ESM1-2-HR",1.67641449581412,185767,0,0,0,0,0,0
"Echinocereus huitcholensis",71028,49065,"MPI-ESM1-2-HR",12.5063242213385,856533,0.00232344848670131,0,0,0.00299881736779861,0,0
"Echinocereus knippelianus",9412,6571,"UKESM1-0-LL",3.86786289646043,238128,3.95373611322478,3.92938669913255,3.98721655760158,8.20133871653209,7.73491287717807,7.74840628984275
"Echinocereus longisetus",68552,44474,"MPI-ESM1-2-HR",2.83197392932271,357817,0,0,0,0,0,0
"Echinocereus maritimus",50258,46051,"GFDL-ESM4",3.19306654953889,388455,1.54285466113657,1.54285466113657,1.54285466113657,1.88867443989017,1.88867443989017,1.88867443989017
"Echinocereus nicholii",117395,67958,"UKESM1-0-LL",4.24797370906787,559484,0.512360575649666,0.210747814826805,0.310839047647076,0.477907917713702,0.279867115294519,0.352595936794582
"Echinocereus occidentalis",130539,76278,"MPI-ESM1-2-HR",5.38307002931851,459622,0,0,0,3.06421835620006e-05,0,0
"Echinocereus pacificus",6490,4028,"GFDL-ESM4",3.01956131180239,277382,2.94165839126117,2.94165839126117,2.94165839126117,6.89922958397535,6.89922958397535,6.89922958397535
"Echinocereus palmeri",25164,21235,"UKESM1-0-LL",0.60894751437719,59572,0.0797739580880622,0.023687308688486,0.00631033670826466,0.264981719917342,0.0229295819424575,0.0976792242886663
"Echinocereus papillosus",33493,9530,"UKESM1-0-LL",0.950250256771158,40378,0,0,0,0,0,0
"Echinocereus parkeri",87388,54709,"MPI-ESM1-2-HR",14.0295493474783,1170051,0,0,0,0,0,0
"Echinocereus pectinatus",822036,744079,"GFDL-ESM4",18.9354629287853,1465490,0.902535886646445,0.754067780437292,0.818480295775045,0.911175422974176,0.76991883567143,0.829838352578233
"Echinocereus pentalophus",349443,328310,"MPI-ESM1-2-HR",24.7582688808922,1718781,1.35351344765618,1.36388474307819,1.36388474307819,1.48507768076625,1.49484465277599,1.49484465277599
"Echinocereus polyacanthus",317614,255816,"MPI-ESM1-2-HR",13.8571983805491,1162333,1.0207336523126,0.942986365199987,1.32593739250086,1.02088698860881,0.935232703848067,1.42650198039129
"Echinocereus poselgeri",136575,98905,"UKESM1-0-LL",5.96654516943112,280884,0,0,0,0,0,0
"Echinocereus pseudopectinatus",34038,19726,"UKESM1-0-LL",2.65790549572392,296984,1.76939065193146,1.76939065193146,1.76939065193146,3.51765673658852,3.54483224631294,3.54483224631294
"Echinocereus relictus",15382,1368,"MPI-ESM1-2-HR",0.755104331620725,45443,1.21710526315789,0,0,2.16863866857366,0,0
"Echinocereus rigidissimus",154724,105582,"GFDL-ESM4",6.15364702981369,620060,1.20318804341649,1.39493474266447,1.39493474266447,1.38006385563972,1.58795661952897,1.58795661952897
"Echinocereus russanthus",34479,17054,"GFDL-ESM4",4.53327761320552,390826,1.61006215550604,1.61006215550604,1.61006215550604,2.99144406740335,2.99144406740335,2.99144406740335
"Echinocereus salm-dyckianus",55935,41634,"UKESM1-0-LL",7.70147558563034,564735,1.66128644857568,1.66128644857568,1.66128644857568,2.87918119245553,2.88130866183964,2.76554929829266
"Echinocereus santaritensis",185726,125944,"MPI-ESM1-2-HR",10.8892708223619,756489,0.325470050181033,0,0,0.436481698846688,0,0
"Echinocereus scheeri",34251,15657,"UKESM1-0-LL",1.36845585251165,94841,1.25502969917609,1.25502969917609,1.25502969917609,2.55861142740358,2.43949081778634,2.36381419520598
"Echinocereus stolonifer",76275,35330,"MPI-ESM1-2-HR",5.25451122906405,173169,1.30022643645627,1.30022643645627,1.30022643645627,1.65464437889217,1.65464437889217,1.65464437889217
"Echinocereus stramineus",608085,490354,"MPI-ESM1-2-HR",14.1357471836068,1100397,1.28939908719007,1.28945618879422,1.28945618879422,1.26087964675991,1.26124143828577,1.26124143828577
"Echinocereus triglochidiatus",931835,838220,"UKESM1-0-LL",21.3319131138552,2292223,1.02223521271265,1.16554007301186,1.06782109708668,1.01157179114328,1.14758728744896,1.05489276535009
"Echinocereus viereckii",79462,43414,"MPI-ESM1-2-HR",9.10839415980165,700081,0,0,0,0,0,0
"Echinocereus viridiflorus",610588,528473,"GFDL-ESM4",19.6951383152105,1802249,1.22632944350989,1.233571062287,1.25769717658234,1.29718893918649,1.31292950401908,1.34032113307173
"Echinocereus weinbergii",33841,12962,"GFDL-ESM4",2.72853867055687,332952,0.213238697731832,0.00964357352260454,0.000848634469989199,0.365976182736917,0.0401879377086966,0.0159865252208859
"Echinopsis aurea",202055,123716,"GFDL-ESM4",9.48339274324369,630554,1.39463771864593,1.51125157619063,1.73731772769892,1.38128727326718,1.47778080225681,1.62966024102348
"Echinopsis haematantha",27636,17923,"UKESM1-0-LL",3.1688310071574,207164,1.03068682698209,1.28164927746471,1.31746917368744,1.38334057027066,2.20408163265306,2.3515704154002
"Epiphyllum cartagense",30784,22341,"GFDL-ESM4",16.8435003764001,587393,1.71277024305089,1.85170762275637,1.85170762275637,1.98778586278586,2.33030145530146,2.33030145530146
"Epiphyllum thomasianum",299674,256366,"GFDL-ESM4",46.3461252325469,2576760,0.198029379870966,0,0,0.214149375654878,0,0
"Epithelantha greggii",81848,41454,"UKESM1-0-LL",3.09571006618615,249346,1.73141313262894,1.73141313262894,1.73141313262894,1.9638476199785,1.91991252077021,1.96526488124328
"Epithelantha ilariae",36382,16053,"MPI-ESM1-2-HR",1.96689865925392,203962,1.59241263315268,1.59241263315268,1.59241263315268,2.5250673409928,2.5250673409928,2.5250673409928
"Epithelantha micromeris",495530,401714,"GFDL-ESM4",15.1318712328829,1332281,0.629373136111761,0.053508217288917,0.170083691382426,0.583617540814885,0.0979234355134906,0.184566020220774
"Epithelantha pachyrhiza",35730,19254,"MPI-ESM1-2-HR",2.61591998003482,307618,0,0,0,0,0,0
"Epithelantha spinosior",9525,5354,"GFDL-ESM4",1.48959854338135,168837,0,0,0,0,0,0
"Eriosyce aurata",104604,74743,"UKESM1-0-LL",11.613896169036,570626,0,0,0,0,0,0
"Eriosyce castanea",83762,34625,"MPI-ESM1-2-HR",2.83293032929232,295901,0,0,0,0.0204388624913445,0,0
"Eriosyce curvispina",90587,64051,"UKESM1-0-LL",16.728874359996,1324642,0,0,0,0.0119884751675185,0,0
"Eriosyce eriosyzoides",129806,66530,"GFDL-ESM4",7.67476644983571,249192,0,0,0,0,0,0
"Eriosyce heinrichiana",50234,25637,"MPI-ESM1-2-HR",4.6038633837063,286950,0,0,0,0,0,0
"Eriosyce islayensis",79628,56351,"UKESM1-0-LL",2.29962957791597,171040,1.06798459654665,0.795070185089883,0.650210289080939,1.04554930426483,0.750841412568443,0.578289044054855
"Eriosyce kunzei",112446,58252,"GFDL-ESM4",9.00320563083504,385639,1.71667925564787e-05,0,0,8.89315760453907e-06,0,0
"Eriosyce limariensis",17324,13728,"UKESM1-0-LL",1.59424857137398,117850,0,0,0,0,0,0
"Eriosyce nigrihorrida",10750,4505,"MPI-ESM1-2-HR",0.742284982928778,89292,0,0,0,0,0,0
"Eriosyce odieri",18851,3519,"MPI-ESM1-2-HR",0.700561141037243,41173,0.748792270531401,1.08553566354078,0.148621767547599,0.753806164129224,1.02822131451912,0.223595565222004
"Eriosyce paucicostata",185918,150402,"MPI-ESM1-2-HR",16.217966754324,1301350,1.14460578981662,1.18458531136554,1.2197311205968,1.39778289353371,1.51863724867953,1.69886724254779
"Eriosyce rodentiophila",5784,3315,"UKESM1-0-LL",1.30571929635161,95398,0,0,0,0,0,0
"Eriosyce senilis",35690,18167,"GFDL-ESM4",3.53607205897271,156858,0,0,0,0,0,0
"Eriosyce simulans",79484,56522,"MPI-ESM1-2-HR",7.60425668264471,751612,1.50153922366512,1.64081242701957,1.64081242701957,1.74123093956016,2.00654219717176,2.00654219717176
"Eriosyce strausiana",182527,108912,"MPI-ESM1-2-HR",17.5581270702706,1171983,0.329697370354047,0,0,0.422364910396818,0,0
"Eriosyce subgibbosa",89665,41769,"UKESM1-0-LL",12.836278679928,585245,0,0,0,0,0,0
"Eriosyce taltalensis",175414,111802,"GFDL-ESM4",9.76898133305773,324604,0.00478524534444822,0,0,0.0030499275998495,0,0
"Eriosyce villosa",103528,51267,"MPI-ESM1-2-HR",9.01212602099393,251712,0,0,0,0,0,0
"Eriosyce wagenknechtii",106958,52395,"GFDL-ESM4",6.77115824407314,353623,0,0,0,8.4145178481273e-05,0,0
"Espostoa lanata",187823,143367,"MPI-ESM1-2-HR",9.76942771929492,347270,0.356713888133252,0.321663981250915,0.542551633221034,0.427232021637393,0.33805763937324,0.58947519739329
"Eulychnia acida",64774,41630,"GFDL-ESM4",6.91873624645409,274842,0.00490031227480183,0,0,0.00314941180103128,0,0
"Eulychnia breviflora",178182,95710,"MPI-ESM1-2-HR",13.9658387400324,1067649,0.350235085153067,0,0,0.350764948199032,0,0
"Eulychnia iquiquensis",106106,71904,"UKESM1-0-LL",4.06790172996924,208303,0.807868825100133,0.760959056519804,0.709793613707165,0.770719846191544,0.717160198292274,0.675051363730609
"Facheiroa squamosa",397477,311749,"MPI-ESM1-2-HR",10.9342209667073,524501,0.421797664146477,0.000789096356363613,0.00183160170521798,0.430920531250865,0.0178727322587219,0.00544937191334341
"Ferocactus acanthodes",350579,327886,"UKESM1-0-LL",17.7028561998649,1956324,0.613030138523755,0.598900227518101,0.960913244237326,0.659369214927306,0.623628340545212,1.06158954187216
"Ferocactus alamosanus",252910,206037,"GFDL-ESM4",7.04356519289437,455642,1.02813572319535,1.03434334609803,1.0414051845057,1.03432841722352,1.04014471551145,1.04810406864102
"Ferocactus chrysacanthus",17920,13504,"GFDL-ESM4",0.882801300129779,130343,1.61678021327014,1.61678021327014,1.61678021327014,2.75334821428571,2.75334821428571,2.75334821428571
"Ferocactus echidne",179720,114261,"GFDL-ESM4",24.0448758413267,1726587,1.23478702269366,1.23478702269366,1.23478702269366,1.52249054084131,1.52249054084131,1.52249054084131
"Ferocactus emoryi",270038,158804,"GFDL-ESM4",11.986203236039,1088487,1.19890556912924,1.19890556912924,1.19890556912924,1.19069538361268,1.19069538361268,1.19069538361268
"Ferocactus flavovirens",15993,4736,"UKESM1-0-LL",1.30235114594157,21974,0,0,0,0,0,0
"Ferocactus fordii",45147,28119,"UKESM1-0-LL",5.36612762694479,220141,0,0,0,0,0,0
"Ferocactus glaucescens",138946,83242,"GFDL-ESM4",10.8687831073542,960593,1.44201244564042,1.44201244564042,1.44201244564042,1.61610265858679,1.61610265858679,1.61610265858679
"Ferocactus gracilis",80155,68426,"MPI-ESM1-2-HR",5.31254161657117,494376,1.34082074065414,1.34087919796569,1.34087919796569,1.45010292558169,1.45015282889402,1.45015282889402
"Ferocactus herrerae",104701,82932,"GFDL-ESM4",13.1092619883919,782379,0.209328124246371,0.107485650894709,0.0608329715911831,0.261831310111651,0.117104898711569,0.0607826095261745
"Ferocactus histrix",230304,198041,"GFDL-ESM4",19.3430845633591,1528328,1.73975085967047,1.74023560777819,1.74023560777819,2.06921720855912,2.06963404890927,2.06963404890927
"Ferocactus macrodiscus",163839,127999,"GFDL-ESM4",9.89890343367638,943874,0.0324611911030555,0,0,0.0846684855254243,0,0
"Ferocactus pilifer",217220,171916,"MPI-ESM1-2-HR",20.3599279782462,1594575,1.48293934246958,1.4959224272319,1.49593987761465,1.55876991068962,1.57802688518553,1.60951569837032
"Ferocactus pottsii",41801,16746,"MPI-ESM1-2-HR",3.71180452715496,124448,0,0,0,0,0,0
"Ferocactus recurvus",302377,264469,"UKESM1-0-LL",24.5126637649694,1634511,1.08827121515187,1.37230072333619,1.53636153953772,1.12946751902426,1.41949288471015,1.61692522910142
"Ferocactus robustus",12971,4763,"MPI-ESM1-2-HR",3.66464618210866,253120,1.20281335292883,1.20281335292883,1.20281335292883,4.50404749055586,4.50404749055586,4.50404749055586
"Ferocactus townsendianus",32139,30395,"UKESM1-0-LL",5.39605916228943,476724,1.190261556177,1.190261556177,1.190261556177,1.50676747876412,1.50676747876412,1.50676747876412
"Ferocactus viridescens",31715,20215,"GFDL-ESM4",3.01519081049825,394096,1.3004204798417,1.3004204798417,1.3004204798417,2.14564086394451,2.14832098376163,2.07810184455305
"Ferocactus wislizeni",421841,410590,"GFDL-ESM4",18.1447904863552,1475696,1.47880367276358,1.66630458608344,1.66630458608344,1.74002764074616,1.92252768223098,1.92252768223098
"Frailea pygmaea",226444,181456,"GFDL-ESM4",3.92232665670997,312998,0.981582311965435,1.24583370073186,1.24583370073186,0.898526788080055,1.35569500627087,1.35569500627087
"Grusonia aggeria",17982,5124,"GFDL-ESM4",2.06669627806473,194650,1.0091725214676,1.74824355971897,1.6143637782982,1.06506506506507,2.75291958625292,1.81136692247803
"Grusonia bradtiana",60448,46032,"GFDL-ESM4",2.54925162466991,131807,0,0,0,0,0,0
"Grusonia clavata",75244,47161,"GFDL-ESM4",5.31085602666159,381555,0.133860605161044,1.46546934967452,1.46546934967452,0.429150497049599,2.09796129923981,2.09796129923981
"Grusonia emoryi",114206,95161,"GFDL-ESM4",4.92732253458354,563302,3.23808072634798,4.41023108206093,4.41023108206093,3.17637427105406,4.62444179815421,4.62444179815421
"Grusonia kunzei",117348,93565,"GFDL-ESM4",5.64214950358044,640463,2.12253513600171,2.12253513600171,2.12253513600171,2.43087227732897,2.43002863278454,2.43034393428094
"Grusonia parishii",179546,112906,"GFDL-ESM4",5.19415650329709,571932,1.86740297238411,1.86740297238411,1.86740297238411,1.87336949862431,1.87336949862431,1.82945317634478
"Grusonia vilis",87691,55787,"GFDL-ESM4",2.38052782396054,250937,2.27748400164913,2.27748400164913,2.27748400164913,2.35992291113113,2.35992291113113,2.35992291113113
"Grusonia wrightiana",120924,91123,"GFDL-ESM4",6.39659980794083,733000,0.00163515248619997,0,0,0.00233204326684529,0,0
"Gymnocalycium capillense",27107,9548,"MPI-ESM1-2-HR",2.02155136448616,138611,1.26309174696271,1.12421449518224,1.26309174696271,1.81122957169735,1.02785258420334,2.94595491939351
"Gymnocalycium monvillei",73067,40690,"UKESM1-0-LL",5.20104047223625,428097,0.47974932415827,0.0513393954288523,0.0317768493487343,0.374177125104356,0.0296440253465997,0.0186677980483666
"Gymnocalycium pflanzii",154452,87980,"UKESM1-0-LL",11.1068913921187,657050,1.50942259604456,1.5634917026597,1.51787906342351,1.4221505710512,1.57355683319089,1.55325279051097
"Gymnocalycium saglionis",220722,132917,"GFDL-ESM4",10.9597523084365,321849,0.37539968551803,0.144089920777628,0,0.42891963646578,0.183253141961381,0
"Gymnocalycium schroederianum",217803,130955,"GFDL-ESM4",4.66325991594828,393142,0.763262189301669,0.33621473025085,0,0.974224413805136,0.727579509924106,0
"Gymnocalycium spegazzinii",41144,10765,"MPI-ESM1-2-HR",7.30849080279486,167930,1.41764979098932,1.45071992568509,1.54760798885276,1.62254520707758,1.78495041804394,2.43680731090803
"Haageocereus acranthus",37317,24902,"MPI-ESM1-2-HR",6.88938236672104,40373,0.721588627419484,0.900610392739539,0.857762428720585,0.826995739207332,1.24128413323686,1.12618913631857
"Haageocereus chilensis",454286,271027,"GFDL-ESM4",31.3524582494312,1640857,0,0,0,0,0,0
"Haageocereus decumbens",6805,5854,"GFDL-ESM4",1.49415469579532,46644,3.43594123676119,4.46634779637854,3.67680218653912,4.37869213813372,5.991329904482,5.23864805290228
"Haageocereus kagenekii",37612,26072,"GFDL-ESM4",15.0298483434741,339031,0.000230131942313593,0,0.00866830316047867,0.000159523556311815,0,0.00600872062107838
"Haageocereus platinospinus",17049,7890,"MPI-ESM1-2-HR",4.58853562489314,46704,0,0,0,0.0973664144524606,0.245820869259194,0
"Harrisia bonplandii",1230679,1188196,"MPI-ESM1-2-HR",21.8418406735484,1427884,0.769447128251568,0.356743331908204,0.00871152570787984,0.76564400627621,0.360190593972921,0.00841080411707683
"Harrisia martinii",462900,430752,"MPI-ESM1-2-HR",12.2304591566333,745608,1.21515396330139,0.0273893098581086,0,1.21067401166559,0.0346921581335062,0.000203067617195939
"Harrisia tetracantha",100672,70566,"GFDL-ESM4",14.8476731329551,669342,1.06745458152651,1.49506844656067,1.49506844656067,1.12118563254927,1.82750913858868,1.82750913858868
"Harrisia tortuosa",225017,130917,"UKESM1-0-LL",2.87141282128101,258352,1.01277145061375,1.71378048687336,1.44777989107603,0.978646057853407,1.50115769030784,1.30021731691383
"Hatiora salicornioides",385501,339791,"MPI-ESM1-2-HR",15.6447200598119,1194140,0.880023308445486,1.17879520057918,0.118743580612788,0.885237651783005,1.13065854563283,0.144606628776579
"Homalocephala polycephala",366370,266052,"MPI-ESM1-2-HR",16.6013888762841,1428220,1.22806443853081,1.37011561649602,1.37011561649602,1.0988290525971,1.34188388787292,1.34187296994841
"Homalocephala texensis",716051,697421,"GFDL-ESM4",26.0774187977911,1856202,0.445932944376496,0,0,0.519809343189242,0,0
"Isolatocereus dumortieri",320172,276039,"GFDL-ESM4",31.1344376061465,2278539,0.052825868808393,0,0,0.0664736454155891,0,0
"Kimnachia ramulosa",1594463,1504149,"MPI-ESM1-2-HR",29.6814350196669,1950762,0.940041179431027,1.02277433951025,0.893718640905921,0.943437382993522,1.02148434927621,0.899738658093665
"Leocereus bahiensis",274354,206548,"UKESM1-0-LL",6.00323561484778,385678,1.63571663729496,1.56709336328602,1.58914634854852,1.6152890061745,1.55861769830219,1.57930629770297
"Lepismium cruciforme",1508364,1471286,"GFDL-ESM4",29.7011374132155,1766990,0.772186373009734,0.390098186212606,0.376847873221114,0.773191351689645,0.397827712674129,0.382894977604875
"Lepismium houlletianum",485610,436708,"UKESM1-0-LL",27.6771067790254,1920490,1.43700596279436,1.25728175348288,1.2923280544437,1.43137085315377,1.20973826733387,1.28551512530632
"Lepismium lorentzianum",133564,51518,"GFDL-ESM4",14.782137101364,550887,1.13119686323227,1.09988741798983,0.917679257735161,1.05941720822976,1.04108891617502,0.954194243957953
"Lepismium lumbricoides",1498726,1429271,"UKESM1-0-LL",37.4143346896876,2955970,0.836138842808677,1.05570042350261,1.13827818517272,0.832148771690089,1.04400804416551,1.12752564511458
"Leucostele atacamensis",311876,284146,"GFDL-ESM4",31.5028722612893,1248337,1.43244669993595,1.4756146488073,1.50007742498575,1.5113731098257,1.60411830342829,1.72235119085791
"Leucostele chiloensis",85319,63852,"UKESM1-0-LL",16.4025143542118,1036360,0,0,0,0,0,0
"Leucostele deserticola",172176,119521,"MPI-ESM1-2-HR",17.5795028603944,1593932,0.00594874540875662,0,0,0.00466964036799554,0,0
"Leucostele litoralis",40369,16740,"MPI-ESM1-2-HR",2.17214812572179,301427,0,0,0,0,0,0
"Leucostele nigripilis",20957,9874,"MPI-ESM1-2-HR",2.06621188750431,172842,0,0,0,0,0,0
"Leucostele terscheckii",292748,260634,"MPI-ESM1-2-HR",34.5241655089634,1582789,1.50840642433451,1.63846236484879,1.63846236484879,1.68345471190239,1.8227485755667,1.8227485755667
"Leucostele werdermanniana",70940,30310,"MPI-ESM1-2-HR",6.18640377742459,176825,0,0,0,0,0,0
"Leuenbergeria lychnidiflora",86998,63092,"GFDL-ESM4",7.03576404783961,625015,0.046043872440246,0,0,0.033391572220051,0,0
"Lobivia ancistrophora",94407,60726,"UKESM1-0-LL",14.1411341672952,1063882,0.678786681157988,1.03123867865494,1.14619767480157,0.59632230660862,0.910779920980436,0.986759456396242
"Lobivia arachnacantha",18396,6399,"GFDL-ESM4",1.9892576402411,196221,1.08298171589311,1.08298171589311,1.08298171589311,3.31979778212655,3.31979778212655,3.31979778212655
"Lobivia bridgesii",131504,96015,"MPI-ESM1-2-HR",22.8694930469299,1095038,1.14943498411707,0.948028953809301,1.27300942561058,1.13687036135783,0.915782029443971,1.2508668937827
"Lobivia chrysochete",42490,19369,"GFDL-ESM4",9.83571035995444,192805,0,0,0,0,0,0
"Lobivia ferox",207882,177001,"GFDL-ESM4",12.5095567732419,211426,0,0,0,0,0,0
"Lobivia hertrichiana",27743,4405,"MPI-ESM1-2-HR",3.34596213863184,435955,0.790238365493757,0.562542565266742,1.34597048808173,1.11559672710233,0.804058681469199,2.0124355693328
"Lobivia lateritia",41498,10840,"MPI-ESM1-2-HR",1.31515300539583,9311,0,0,0,0,0,0
"Lobivia mamillosa",49886,17651,"UKESM1-0-LL",2.50952689291077,184554,1.3841142144921,1.3841142144921,1.3841142144921,2.21927995830494,2.21927995830494,2.21927995830494
"Lobivia maximiliana",204385,174517,"UKESM1-0-LL",31.0359088069387,2318963,0.135310600113456,0.00664691691926861,0.00134084358543867,0.151733248526066,0.0178584534090075,0.0147417863346136
"Lobivia obrepanda",166497,130454,"UKESM1-0-LL",9.58266318735753,628291,1.00020696950649,0.982047311696077,0.988570683919236,1.00897313465107,0.994047940803738,1.00169973032547
"Lobivia pampana",37610,16260,"MPI-ESM1-2-HR",8.54352496292997,69666,1.24391143911439,1.37293972939729,1.38714637146371,1.80957192236107,1.66705663387397,2.08125498537623
"Lobivia pamparuizii",29481,14499,"GFDL-ESM4",6.8368114760909,557276,1.59390302779502,1.75529346851507,1.75529346851507,2.13941182456497,3.10162477527899,3.17472270275771
"Lophocereus schottii",261358,240043,"MPI-ESM1-2-HR",26.8366183495527,1732958,0.234712114079561,0.280012331124007,0.102394154380673,0.228349620061372,0.27179194820897,0.0990365705277818
"Lophophora diffusa",6375,1993,"UKESM1-0-LL",1.2410394325168,100701,1.33366783743101,1.33366783743101,1.33366783743101,7.4641568627451,7.4641568627451,7.4641568627451
"Lophophora williamsii",420153,377469,"GFDL-ESM4",18.9382297985746,1506968,0.85722006310452,0.669003282388753,0.726729877155475,0.866867545870195,0.673169059842486,0.733520884058902
"Maihuenia poeppigii",70941,62417,"GFDL-ESM4",17.8714973260025,1389757,0,0,0,0,0,0
"Maihueniopsis camachoi",97391,58985,"MPI-ESM1-2-HR",13.3046871240927,956246,0,0,0,0,0,0
"Maihueniopsis darwinii",693457,565750,"GFDL-ESM4",11.3332198305814,1009068,0.376065399911622,0.000901458241272647,0.000148475475033142,0.324803124058161,0.00369309128035336,0.00189485433127072
"Maihueniopsis molfinoi",107529,74029,"GFDL-ESM4",7.998395171845,111481,0,0,0,0,0,0
"Maihueniopsis platyacantha",31924,19516,"GFDL-ESM4",6.94799680710003,565377,1.31241032998565,2.36713465874155,2.36713465874155,2.69634131061271,3.98812805412856,3.98812805412856
"Mammillaria albilanata",299990,247411,"UKESM1-0-LL",21.5361113132414,1357073,1.29595288810926,1.29595288810926,1.29595288810926,1.31240374679156,1.31240374679156,1.31240374679156
"Mammillaria beneckei",215308,202200,"GFDL-ESM4",9.13570845345279,473401,0.433536102868447,0,0,0.471691716053282,0,0
"Mammillaria bocasana",19488,6974,"MPI-ESM1-2-HR",1.38887532853032,96579,0,0,0,0,0,0
"Mammillaria bocensis",98454,70193,"GFDL-ESM4",9.51583592344843,625666,0,0,0,1.01570276474293e-05,0,0
"Mammillaria bombycina",27989,10266,"UKESM1-0-LL",1.83227822535393,166336,1.20222092343659,0.913013832067017,1.20222092343659,2.47107792346993,2.21590624888349,2.57472578512987
"Mammillaria brandegeei",59158,45068,"GFDL-ESM4",3.89447912526278,465493,0,0,0,0,0,0
"Mammillaria candida",253925,199054,"GFDL-ESM4",14.2563052542056,1211844,1.7227184583078,1.72308016920032,1.72308016920032,1.74386137639067,1.74414492468248,1.74414492468248
"Mammillaria carnea",58569,16077,"MPI-ESM1-2-HR",7.85556369915821,555938,0.655781551284444,0,0,1.03846744865031,0.0505557547508067,0.00527582850996261
"Mammillaria compressa",166180,91735,"GFDL-ESM4",15.058070336213,1374800,1.20429498010574,1.20429498010574,1.20429498010574,1.35038512456373,1.35038512456373,1.35038512456373
"Mammillaria crinita",128120,87059,"MPI-ESM1-2-HR",13.7969008047784,1151166,1.9096589669075,1.94031633719661,1.94031633719661,2.19204651888854,2.22903527942554,2.22903527942554
"Mammillaria decipiens",30198,22651,"MPI-ESM1-2-HR",4.9778835484357,358648,2.71926184274425,2.71926184274425,2.71926184274425,4.1251407377972,4.12795549374131,4.12795549374131
"Mammillaria densispina",181533,110022,"MPI-ESM1-2-HR",10.569184497657,811146,0.0916816636672665,0,0,0.090699762577603,0,0
"Mammillaria discolor",90786,57892,"UKESM1-0-LL",6.70161415019957,371313,0,0,0,0.0670477826977728,0,0
"Mammillaria dixanthocentron",34091,10714,"UKESM1-0-LL",5.04645510393951,283859,1.19833862236326,1.19833862236326,1.19833862236326,2.16180223519404,2.16180223519404,2.16180223519404
"Mammillaria elongata",31805,11467,"GFDL-ESM4",7.46365925029715,799910,0.122438301212174,0,0,0.408960855211445,0,0
"Mammillaria flavicentra",25179,4381,"MPI-ESM1-2-HR",3.99468876617527,192265,1.15361789545766,1.15361789545766,1.15361789545766,2.16017316017316,2.16017316017316,2.16017316017316
"Mammillaria formosa",221517,200625,"MPI-ESM1-2-HR",18.0132180446068,1373655,1.70480249221184,1.70480249221184,1.70480249221184,1.94009489113702,1.94009489113702,1.94009489113702
"Mammillaria geminispina",125285,65081,"MPI-ESM1-2-HR",7.07540881058314,486467,0.162628109586515,0,0,0.277615037714012,0,0
"Mammillaria gigantea",43122,18845,"MPI-ESM1-2-HR",9.64759222209205,789949,0,0,0,0,0,0
"Mammillaria glassii",47535,20785,"UKESM1-0-LL",5.94586201927154,282519,0.979167668992062,0.895790233341352,0.890257397161414,1.01525191963816,0.902808456926475,0.883012517092669
"Mammillaria grusonii",102901,58447,"UKESM1-0-LL",2.50384611803466,236966,1.27024483720294,1.18262699539754,1.33351583485893,1.44426196052516,1.34373815609178,1.79060456166607
"Mammillaria haageana",153352,94267,"UKESM1-0-LL",9.47886774343645,559857,0.763936478300996,0.300709686316526,0.0626306130459228,0.664882101309406,0.292418749021858,0.153711722051229
"Mammillaria hahniana",11326,4474,"MPI-ESM1-2-HR",4.2663026446393,160158,0,0,0,0,0,0
"Mammillaria jaliscana",159021,96194,"GFDL-ESM4",13.0996961438934,946464,1.27912343805227,1.27912343805227,1.27912343805227,1.48607416630508,1.48607416630508,1.48607416630508
"Mammillaria karwinskiana",464089,427306,"UKESM1-0-LL",18.6114591136294,1059886,0.227305490678811,0.0253120714429472,0,0.235778051192767,0.0293909142427422,0
"Mammillaria kraehenbuehlii",33872,6515,"GFDL-ESM4",4.33134628849619,397780,0,0,0,0,0,0
"Mammillaria longimamma",41477,18105,"UKESM1-0-LL",5.22670971673692,320054,1.36945595139464,1.36945595139464,1.36945595139464,2.17168551245268,2.17168551245268,2.17168551245268
"Mammillaria magnimamma",393019,336070,"MPI-ESM1-2-HR",27.876987465706,1817081,0.1960752224239,0,0,0.185398161412044,0,0
"Mammillaria melanocentra",69772,33533,"UKESM1-0-LL",7.77849747730402,407663,2.53648644618734,2.53648644618734,2.53648644618734,2.39911425786849,2.39911425786849,2.39911425786849
"Mammillaria mercadensis",86492,61622,"UKESM1-0-LL",4.14635728655003,381703,0.743630521566973,0,0.0815942358248677,0.751953937936457,0.0103246543032882,0.280083707163668
"Mammillaria muehlenpfordtii",20714,12789,"MPI-ESM1-2-HR",5.68078306636804,389384,1.65548518257878,1.7254671983736,1.7254671983736,4.05744906826301,4.16800231727334,4.16800231727334
"Mammillaria mystax",59456,19953,"MPI-ESM1-2-HR",8.43937399746066,651382,1.49060291685461,1.49060291685461,1.49060291685461,1.81260091496233,1.81260091496233,1.81260091496233
"Mammillaria orcuttii",18242,4770,"GFDL-ESM4",2.21846438569694,221228,1.93584905660377,1.93584905660377,1.93584905660377,3.49276395132113,3.49276395132113,3.49276395132113
"Mammillaria parkinsonii",26222,4279,"UKESM1-0-LL",1.6437226316336,126295,1.15494274363169,1.15494274363169,1.15494274363169,2.09739913050111,2.09739913050111,2.09739913050111
"Mammillaria pectinifera",25058,5457,"UKESM1-0-LL",1.04252724192722,28477,0,0,0,0,0,0
"Mammillaria perbella",11475,7112,"UKESM1-0-LL",0.875077636501242,85887,1.05441507311586,1.05441507311586,1.05441507311586,5.12052287581699,5.12052287581699,5.12052287581699
"Mammillaria petrophila",8765,6539,"GFDL-ESM4",1.46626775715918,144730,1.14145893867564,1.14145893867564,1.14145893867564,1.96428978893326,1.96428978893326,1.96428978893326
"Mammillaria picta",58294,24258,"UKESM1-0-LL",1.81780042283161,39617,0,0,0,0,0,0
"Mammillaria pilispina",93158,50137,"UKESM1-0-LL",6.11972959168625,276240,0,0,0,0.0994976276862964,0.0126988557075077,0
"Mammillaria plumosa",15690,4685,"GFDL-ESM4",2.57252389747997,282794,0,0,0,0,0,0
"Mammillaria polyedra",33246,16338,"UKESM1-0-LL",6.87633866912905,446084,1.26863753213368,1.26863753213368,1.26863753213368,2.72634301870902,2.72634301870902,2.72634301870902
"Mammillaria polythele",110333,71409,"UKESM1-0-LL",5.72080465430829,400836,1.29703538769623,1.39133722640003,1.39133722640003,1.61068764558201,1.77703860132508,1.77703860132508
"Mammillaria pottsii",331912,267279,"UKESM1-0-LL",6.16160628667413,558163,1.12373587150506,1.05806666442182,1.21274398662072,1.20238798235677,1.1517872207091,1.31045879630745
"Mammillaria rekoi",10511,2787,"MPI-ESM1-2-HR",3.6939007120992,249661,0,1.55543595263724,1.55543595263724,2.17096375225954,5.02673389782133,5.02673389782133
"Mammillaria rettigiana",94611,48077,"GFDL-ESM4",8.76149655082953,915860,0.323647482164029,0.98820641886973,0.803627514195977,0.456257729016711,0.971980002325311,0.792888776146537
"Mammillaria rhodantha",203263,152100,"UKESM1-0-LL",8.46425845066915,552330,1.0600328731098,0.725147928994083,0.488816568047337,1.0845800760591,0.693411983489371,0.495043367459892
"Mammillaria schiedeana",46317,28916,"GFDL-ESM4",4.09657143604041,304724,1.51054779360907,1.51054779360907,1.51054779360907,2.32599261610208,2.32599261610208,2.32599261610208
"Mammillaria scrippsiana",118256,86104,"UKESM1-0-LL",12.8417471375564,698773,0.236585989036514,0.0166658924091796,0,0.484533554322825,0.100020294953322,0
"Mammillaria senilis",126136,90369,"GFDL-ESM4",17.345270475352,1481751,0.720324447542852,0.429018800694929,0.238112627117706,0.78271072493182,0.570566689921989,0.343962072683453
"Mammillaria sphacelata",26935,7377,"GFDL-ESM4",5.02344612684639,401660,1.56662599972889,1.59170394469296,1.59170394469296,2.13194728049007,2.53591980694264,2.46259513643958
"Mammillaria sphaerica",212598,163159,"UKESM1-0-LL",10.6598063801029,531346,1.14633578288663,1.31063563762955,1.36938814285452,1.17438545988203,1.44979726996491,1.53024017159145
"Mammillaria standleyi",116952,80354,"GFDL-ESM4",6.36563956291604,389204,1.24545137765388,1.24561316175922,1.24561316175922,1.6368082632191,1.6372101374923,1.6372101374923
"Mammillaria supertexta",16544,3521,"MPI-ESM1-2-HR",3.78293742050573,193159,0,0,0,0.0540981624758221,0,0
"Mammillaria uncinata",375205,319154,"MPI-ESM1-2-HR",19.5445060683152,1361727,1.07315590592629,0.125356411011612,0.287478772003484,1.08374621873376,0.163729161391772,0.379339294518996
"Mammillaria vetula",43114,12956,"UKESM1-0-LL",2.24736045438168,154316,1.07594936708861,1.07594936708861,1.07594936708861,1.72742032750383,1.72742032750383,1.72742032750383
"Mammillaria winterae",62348,29151,"GFDL-ESM4",7.5957747400392,581348,0,0,0,0,0,0
"Matucana haynei",113468,92149,"GFDL-ESM4",11.0121257567401,118945,0.25561861767355,0,0.039360166686562,0.287993090562978,0,0.0565005111573307
"Melocactus bahiensis",563456,463731,"UKESM1-0-LL",11.3431241249273,695922,0.268981370665321,0,0,0.25507049352567,0,0
"Melocactus concinnus",214902,196902,"UKESM1-0-LL",4.96865299744022,337524,2.12127352693218,2.12127352693218,2.12127352693218,2.32905231221673,2.32905231221673,2.32905231221673
"Melocactus ernestii",570075,482624,"GFDL-ESM4",8.97824691240567,446811,0.600604197056093,0.0686559309110198,0.0401389073067232,0.610309169846073,0.0620251721264746,0.0350199535148884
"Melocactus levitestatus",140351,67579,"UKESM1-0-LL",2.26759412232224,234268,0,0,0,0,0,0
"Melocactus paucispinus",54754,43080,"MPI-ESM1-2-HR",3.96498553721454,130841,0,0,0,0,0,0
"Melocactus peruvianus",178441,162144,"GFDL-ESM4",19.8006230435131,422230,0.873661683441879,1.31836515689757,1.2095236333136,0.951855235063691,1.4018639214082,1.2895747053648
"Melocactus salvadorensis",145026,93540,"GFDL-ESM4",2.79436062204579,91198,0,0,0,0,0,0
"Melocactus violaceus",412912,368392,"UKESM1-0-LL",18.7929314431345,1471171,0.0382228712892788,0.0306114139286412,0.0101630871463007,0.0385941798736777,0.0325541519742705,0.012503874917658
"Melocactus zehntneri",711117,667322,"UKESM1-0-LL",12.7073722301958,673685,0,0,0,0,0,0
"Micranthocereus albicephalus",26695,18059,"GFDL-ESM4",2.52150030001548,98562,0.355446037986599,0.00215958801705521,0.000996732930948558,0.359617905974902,0.00146094774302304,0.000674283573702941
"Micranthocereus purpureus",73266,54670,"GFDL-ESM4",4.30046885605286,168626,0,0,0,0,0,0
"Micropuntia pulchella",196960,133957,"MPI-ESM1-2-HR",7.67109049210497,663985,0.0758153735900326,1.37344073098084,1.57711056533067,0.190404142973193,1.39555239642567,1.69411555645816
"Mila caespitosa",38813,23760,"MPI-ESM1-2-HR",9.47671272141762,122193,0.0402777777777778,0.245159932659933,0.302441077441077,0.0826269548862495,0.286038183082988,0.424368124082137
"Miqueliopuntia miquelii",168175,77174,"MPI-ESM1-2-HR",18.3260596521503,527311,0,0,0,0,0,0
"Myrtillocactus cochal",67669,57205,"MPI-ESM1-2-HR",5.92418378860381,484252,2.34587885674329,2.41415960143344,2.42218337557906,2.27801504381622,2.33913608890334,2.34593388405326
"Myrtillocactus geometrizans",442887,407853,"UKESM1-0-LL",15.4731608191108,977245,0.877958480138677,0.52317869428446,0.0579939340889978,0.83406376795887,0.527908924849905,0.0798013940350473
"Myrtillocactus schenckii",69831,32860,"UKESM1-0-LL",10.4112932965189,631502,1.38563603164942,1.38563603164942,1.38563603164942,1.5164038893901,1.5164038893901,1.5164038893901
"Neoraimondia arequipensis",307179,289962,"MPI-ESM1-2-HR",29.3892198512093,944668,0.524299735827453,0.6822963008946,0.698232871893558,0.498048369191904,0.645897017699778,0.659097789887981
"Neoraimondia herzogiana",157292,95236,"MPI-ESM1-2-HR",23.0082353374652,1066715,1.8795518501407,1.88047587046915,1.88047587046915,1.73715128550721,1.76686671922285,1.76686671922285
"Nyctocereus serpentinus",489865,472156,"MPI-ESM1-2-HR",20.9749038598435,1326752,0.0758456950668847,0,0,0.0771845304318537,0,0
"Opuntia arechavaletae",54527,30719,"GFDL-ESM4",1.38283520245462,161977,2.29310849962564,3.33073993294053,2.14723786581594,2.01259926275056,3.18145139105397,1.96104682084105
"Opuntia arenaria",25837,10181,"UKESM1-0-LL",1.47645397225069,155003,0,0,0,0.360993923443124,0.753647869334675,0.351317877462554
"Opuntia atrispina",113874,49101,"MPI-ESM1-2-HR",4.52539121293774,386060,0.848170098368669,1.19168652369605,0,0.899002406168221,1.12433040026696,0
"Opuntia aurea",46331,25622,"GFDL-ESM4",4.47475075885025,497553,0,0,0,0,0,0
"Opuntia austrina",78084,66633,"UKESM1-0-LL",2.75813221959806,228263,0.582744285864362,0.0497501238125253,0.281692254588567,0.680357051380565,0.262166384918805,0.48230111162338
"Opuntia azurea",384083,281245,"GFDL-ESM4",9.60217447339582,893335,1.3926327579157,1.3926327579157,1.3926327579157,1.35902135736286,1.36994868296696,1.36994868296696
"Opuntia basilaris",419310,373375,"MPI-ESM1-2-HR",21.7082284592242,1688199,0.724164713759625,1.7685463675929,1.89384666889856,0.765474231475519,1.96307266700055,2.11151176933534
"Opuntia bravoana",7996,6690,"GFDL-ESM4",1.27155408026516,138640,1.24843049327354,1.24843049327354,1.24843049327354,2.09792396198099,2.09792396198099,2.09792396198099
"Opuntia caboensis",7550,4430,"GFDL-ESM4",0.539305705583796,57161,1.22460496613995,1.22460496613995,1.22460496613995,1.92079470198676,1.92079470198676,1.92079470198676
"Opuntia caracassana",321562,303218,"GFDL-ESM4",12.0149858696251,1078808,0.54678811943882,1.44408313490624,1.45696495590631,0.561260347926683,1.47147672921552,1.48362368687842
"Opuntia chlorotica",733094,650768,"UKESM1-0-LL",20.6142636290877,2177293,0.947618813463477,0.882850724067563,0.913966267548497,0.925135112277552,0.86836749448229,0.863074858067315
"Opuntia comonduensis",30871,29531,"MPI-ESM1-2-HR",4.2801493429383,368437,1.47130134435001,1.47404422471301,1.47404422471301,1.80975672961679,1.81238055132649,1.81238055132649
"Opuntia cuija",256683,214668,"MPI-ESM1-2-HR",15.3732044555347,1238683,1.06344215253321,0.975259470438072,1.65554717051447,1.06483093932983,0.967107287977778,1.58727691354706
"Opuntia curvispina",135254,66858,"UKESM1-0-LL",3.27058530873289,527900,1.05803344401568,1.12590864219689,1.12813724610368,1.08481819391663,1.22658849276177,1.24501308648912
"Opuntia decumbens",900042,845703,"MPI-ESM1-2-HR",39.4100146832374,2659961,0.126843584568105,0.0224038462675431,0.0358305457116742,0.121659878094578,0.0219545310107751,0.033667317747394
"Opuntia depressa",61491,39215,"UKESM1-0-LL",6.89203323947806,366086,0.438556674741808,0.0182583195205916,0,0.376949472280496,0.0163438551983217,0.00172382950350458
"Opuntia drummondii",559426,515488,"GFDL-ESM4",14.4631024911563,1028988,0.690211993295673,1.50106307033335,1.35720909119126,0.663737473767755,1.47213751237876,1.33057634074927
"Opuntia elata",1661387,1586415,"MPI-ESM1-2-HR",37.8151875766145,2237310,1.00072553524771,0.148036926025031,0.0456091249767558,1.02137310572431,0.163739092697848,0.0653953594195693
"Opuntia elatior",252392,198432,"GFDL-ESM4",10.2964839470631,902883,1.44849621028866,3.24763646992421,3.24763646992421,1.331817173286,2.79522726552347,2.79522726552347
"Opuntia feracantha",87264,51059,"GFDL-ESM4",6.79684300157962,426473,1.22446581405825,1.32233298732838,1.35096652891753,1.17791987532087,1.27506188118812,1.29634213421342
"Opuntia fuliginosa",337964,291672,"MPI-ESM1-2-HR",21.0837812810519,1305705,1.08653556049261,1.2259798677967,1.2259798677967,1.17811660413535,1.40188304079724,1.40188304079724
"Opuntia guatemalensis",73794,56642,"GFDL-ESM4",14.7077569544635,1116332,1.06311570919106,1.39069948095053,1.42503795769923,1.1308642979104,1.51439141393609,1.47540450443125
"Opuntia huajuapensis",79820,47320,"MPI-ESM1-2-HR",8.39915497213604,664193,1.63977176669484,1.6437235841082,1.77259087066779,1.68401403157103,1.71376847907793,2.02513154597845
"Opuntia humifusa",2367053,2358335,"MPI-ESM1-2-HR",40.9365021483408,2631640,1.0419283095913,1.01912493348061,0.587150256430914,1.04124284500601,1.01856823653716,0.587461286249188
"Opuntia hyptiacantha",399712,366304,"GFDL-ESM4",16.246421032462,1371575,1.59980780990653,1.62501910981043,1.62501910981043,1.68421263309583,1.73199703786726,1.73199703786726
"Opuntia inaperta",43315,29518,"MPI-ESM1-2-HR",3.29903341294232,202353,1.60586760620638,1.60519005352666,1.60695169049394,1.76255338797183,1.74198314671592,1.76631651852707
"Opuntia lasiacantha",534009,455256,"UKESM1-0-LL",21.2822869040059,1399649,1.23786836417312,1.25241622296027,1.30079779289015,1.25229724592657,1.26897861272001,1.31354527732679
"Opuntia leucotricha",584269,550929,"MPI-ESM1-2-HR",25.8092771001491,1586989,1.73821490609498,1.73934935354646,1.73934935354646,1.82670311106699,1.83301013745381,1.83301013745381
"Opuntia littoralis",65953,49439,"MPI-ESM1-2-HR",10.1027813495274,839529,1.91856631404357,1.95054511620381,1.95054511620381,1.77549163798463,2.20387245462678,2.2282837778418
"Opuntia macrocentra",1306154,1221537,"MPI-ESM1-2-HR",26.1955350424467,1850305,0.250897025632461,0.334047188091724,0.562240030387946,0.254078003053239,0.332869630992976,0.577759590369895
"Opuntia macrorhiza",3592016,3567501,"UKESM1-0-LL",41.1043915483926,3805046,0.747010302169502,0.605469206595878,0.579628428975913,0.745011158079474,0.611662364532897,0.583724571382756
"Opuntia megacantha",329127,283457,"GFDL-ESM4",12.4397747262334,1002788,1.51967317794233,1.51989190600338,1.51989190600338,1.66829825568853,1.66885123371829,1.66885123371829
"Opuntia megarrhiza",15100,9475,"GFDL-ESM4",1.7783595870368,177315,1.80992084432718,1.80992084432718,1.80992084432718,5.35801324503311,5.35801324503311,5.35801324503311
"Opuntia mesacantha",705590,671020,"GFDL-ESM4",16.798799282168,1261932,0.971145420404757,1.39326100563322,1.39690471222914,1.0076815147607,1.43209512606471,1.43547952777109
"Opuntia microdasys",366154,302195,"MPI-ESM1-2-HR",17.3682792779891,1313626,1.50768212577971,1.50939294164364,1.50939294164364,1.6044751661869,1.61749427836375,1.61749427836375
"Opuntia monacantha",1937868,1904530,"GFDL-ESM4",30.8916319564524,1885956,1.16487742382635,1.3802129659286,1.49449838017779,1.16524861342465,1.3793762010622,1.49879351947604
"Opuntia orbiculata",1422980,1323635,"GFDL-ESM4",27.018312130412,2147930,0.272798770053678,0,0,0.272431095307032,0,0
"Opuntia oricola",62925,33121,"MPI-ESM1-2-HR",5.05054770494983,446554,1.23302436520636,1.23314513450681,1.23314513450681,1.43005164878824,1.64564163686929,1.64929678188319
"Opuntia parviclada",28424,8642,"MPI-ESM1-2-HR",5.50064191904052,490768,0,0,0,0.0880593864339994,0,0
"Opuntia pilifera",65844,42627,"UKESM1-0-LL",16.1266723802337,1209768,1.40762896755577,1.40762896755577,1.40762896755577,2.07132008990948,2.07132008990948,2.07132008990948
"Opuntia pinkavae",41124,13695,"GFDL-ESM4",1.1853973577619,122717,1.13734939759036,1.13734939759036,1.13734939759036,1.59488376617061,1.74061375352592,1.74061375352592
"Opuntia polyacantha",2826365,2797849,"GFDL-ESM4",38.4129185364717,2868309,0.755124383052838,0.680590339221309,0.727079624382874,0.765746816140166,0.687105168653023,0.733259150888155
"Opuntia puberula",565738,528573,"GFDL-ESM4",20.3550651757262,1471036,0.0218342594116612,0,0,0.0203999024283326,0,0
"Opuntia pubescens",1758926,1686846,"UKESM1-0-LL",26.8341149406859,1797909,1.20502523644719,1.28935065797352,1.35521618452425,1.20100675071038,1.28306307371657,1.34597760224137
"Opuntia pumila",57702,25162,"GFDL-ESM4",7.11031361914519,608572,0.0866783244575153,0,0,0.210287338393816,0,0
"Opuntia rastrera",382336,295419,"MPI-ESM1-2-HR",11.284645900196,930174,1.2463010165223,1.24123363764687,1.24648719276688,1.26388569216605,1.25571225309675,1.26476973133579
"Opuntia rioplatensis",242683,176376,"UKESM1-0-LL",9.57597600586978,664445,1.5124846917948,1.13929899759604,0.60336440332018,1.59120745993745,1.11473403575858,0.731621085943391
"Opuntia robusta",513544,490073,"MPI-ESM1-2-HR",26.0288161393303,1589383,1.16819943151326,1.68924017442299,1.80973854915492,1.16989780817223,1.71503902294643,1.82999898742854
"Opuntia rufida",374809,313870,"GFDL-ESM4",11.2174722890978,1048565,0.000270812756873865,0,0,0.00116592717890979,0,0
"Opuntia santa-rita",170687,120399,"MPI-ESM1-2-HR",8.52830115187392,747338,0.031345775297137,0,0,0.0555402578989613,0,0
"Opuntia soederstromiana",53751,33848,"UKESM1-0-LL",9.83936557192998,761130,2.31086031671,2.47435594422122,2.5378752068069,2.6147048427006,2.74869304757121,2.8119290803892
"Opuntia spinulifera",146728,100020,"UKESM1-0-LL",5.43660527425925,381334,0.896120775844831,0.760877824435113,0.626334733053389,0.899930483615942,0.721471021209313,0.616733002562565
"Opuntia stenopetala",249466,198929,"UKESM1-0-LL",12.1280399149296,630097,0.163389953199383,0.0380386972236326,0,0.160767399164616,0.0628101625071152,0
"Opuntia streptacantha",516790,470343,"UKESM1-0-LL",15.5979497104943,1069290,1.32809885551608,1.42815774870679,1.55427847336943,1.30192728187465,1.41708817895083,1.53400220592504
"Opuntia strigil",68025,32396,"UKESM1-0-LL",0.633213837997094,58937,0,0,0,0,0,0
"Opuntia tapona",31621,29702,"GFDL-ESM4",5.61387809768962,480443,0,0,0,0,0,0
"Opuntia tehuacana",12571,4072,"GFDL-ESM4",5.47114668450762,419123,1.81974459724951,0.704322200392927,1.7598231827112,1.91655397343091,1.27674807095696,2.87693898655636
"Opuntia tomentosa",632868,612090,"MPI-ESM1-2-HR",33.0803922734886,1879581,1.15567972030257,1.25693770523943,1.42459442238886,1.18682410866089,1.32426983193968,1.56726205148625
"Opuntia tortispina",980725,929270,"UKESM1-0-LL",15.7939954557616,1707348,1.0529985902913,1.15537464891797,1.22251014236982,1.06743378622958,1.18365290983711,1.24836625965485
"Opuntia velutina",343629,303044,"MPI-ESM1-2-HR",25.2455951764102,1505601,0.037090323517377,0,0,0.0422315927933905,0.000331753140741905,0.00340192475023936
"Opuntia wilcoxii",576847,541858,"GFDL-ESM4",22.0736645343021,1413108,1.049040523532,1.05038220345552,1.06086096357348,1.04974282608733,1.0497358918396,1.08007149209409
"Opuntia x debreczyi",392405,312321,"UKESM1-0-LL",7.58181083470894,1055744,0.891553882063646,0.66312223641702,0.830555742329206,0.869395140225023,0.643266523107504,0.778499254596654
"Opuntia x vaseyi",33323,18048,"GFDL-ESM4",2.9627604543435,322165,0.729277482269504,0.615636081560284,0.82529920212766,0.759055307145215,0.627884644239714,0.991147255649251
"Oreocereus celsianus",86735,37094,"MPI-ESM1-2-HR",5.17030263468627,48819,0,0,0,0,0,0
"Oreocereus fossulatus",23083,3741,"GFDL-ESM4",3.07162907260723,51256,0,0,0,0,0,0
"Oreocereus hempelianus",389375,321119,"UKESM1-0-LL",10.1502858823461,608386,1.06566724485315,1.06050093579016,1.02267072331441,1.06089502407705,1.06212006420546,1.02927512038523
"Oreocereus leucotrichus",652244,529386,"MPI-ESM1-2-HR",43.7095897795887,2390557,1.00649053809508,1.00317537675722,1.34368683720386,1.0099763278773,1.00051361147055,1.32998540423522
"Oreocereus trollii",121514,56992,"UKESM1-0-LL",8.14780948011767,557578,1.22455783267827,1.22459292532285,1.22459292532285,1.28006649439571,1.26458679658311,1.28316901756176
"Oroya peruviana",53733,37866,"UKESM1-0-LL",1.27926061255182,136468,0.945544815929858,0.584006760682406,0.357840807056462,1.37342043064783,1.23287365306236,0.749074125770011
"Pachycereus pecten-aboriginum",467270,412618,"GFDL-ESM4",35.5830058375231,2224771,0.0739764140197471,0,0,0.0658334581719349,0,0
"Pachycereus pringlei",150941,139423,"UKESM1-0-LL",15.2779109852912,1089333,0.9580772182495,1.06037741262202,1.06799452027284,0.949669075996581,1.0527888380228,1.06075883954658
"Pachycereus weberi",126528,83486,"MPI-ESM1-2-HR",14.1463680692184,898524,0.0434923220659751,0,0,0.131623039959535,0,0
"Parodia erinacea",533756,484143,"UKESM1-0-LL",21.0712680488383,1663112,1.40708840156731,0.339587683804165,0.553861152593345,1.45481268594639,0.462143751077271,0.719028919581232
"Parodia horrida",27340,16953,"UKESM1-0-LL",3.3695059397866,266506,2.70960891877544,2.57346782280422,2.58420338583142,4.35175566934894,3.92988295537674,4.00256035113387
"Parodia langsdorfii",59290,38723,"MPI-ESM1-2-HR",2.10270734066501,140886,3.93512899310487,0,1.16297807504584,3.45694046213527,0,1.3046213526733
"Parodia maassii",96042,51478,"GFDL-ESM4",4.70180268258966,68729,0,0,0,0,0,0
"Parodia mammulosa",916521,855166,"UKESM1-0-LL",22.9392823616326,1917741,0.934358943175945,0.295732056700103,0.633623179593202,0.905391147611457,0.309984168393305,0.625800172609247
"Parodia microsperma",152558,89869,"GFDL-ESM4",12.8187707923458,400196,0.885789315559314,0.428468103572978,0,0.727965757285754,0.335964026796366,0
"Parodia ottonis",540138,479450,"MPI-ESM1-2-HR",17.6969995456514,894539,1.29952236938158,0.432989884242361,0.519789341954323,1.25387030721779,0.41164109912652,0.487082930658461
"Parodia stuemeri",41169,18795,"UKESM1-0-LL",8.40877591910995,431455,1.5854216546954,1.5854216546954,1.5854216546954,2.48740557215381,2.48740557215381,2.48740557215381
"Pediocactus simpsonii",1014767,904368,"GFDL-ESM4",17.1423486627606,1492678,0.584527537462626,1.33948237885463,1.25775126939476,0.57914279829754,1.32195568046655,1.24967899034951
"Pelecyphora alversonii",58443,19436,"GFDL-ESM4",3.31145698841175,351336,0,0,0,0,0,0
"Pelecyphora aselliformis",21717,6789,"UKESM1-0-LL",1.89716809291256,76602,0,0,0,0.336234286503661,0.0483492195054566,0
"Pelecyphora chihuahuensis",141192,89874,"MPI-ESM1-2-HR",8.13652645503745,739711,0,0,0,0,0,0
"Pelecyphora dasyacantha",698592,599189,"UKESM1-0-LL",15.8509247731111,1530277,0.876125896837225,1.22945347795103,1.24009452777004,0.894762608217672,1.20670291099812,1.21793121020567
"Pelecyphora emskoetteriana",172498,127690,"GFDL-ESM4",9.05368895907172,831587,1.55485942517033,0.376301981361109,0.0955204009711019,1.64387992904266,0.480121508655173,0.116192651509003
"Pelecyphora macromeris",593907,533256,"GFDL-ESM4",17.2819212338963,1489794,0.743275274914863,0.117046971810913,0.200633466852694,0.763927685647753,0.123283611743926,0.19437386661548
"Pelecyphora missouriensis",2439701,2310968,"GFDL-ESM4",37.5767490035,2960758,0.258421579182403,0.000174385798505215,0.0018291036483413,0.247849634033023,0.000165184176257664,0.00173258936238498
"Pelecyphora sneedii",249358,197275,"MPI-ESM1-2-HR",7.83192455813089,519867,0.965246483335445,1.01617032061843,0.0122316563173235,0.985338348879924,1.03431612380593,0.033586249488687
"Pelecyphora strobiliformis",47329,18653,"MPI-ESM1-2-HR",2.48419383948178,139900,1.12834396611805,0.639736235458103,1.3173216104648,1.1887003739779,0.654482452618902,1.8375414650637
"Pelecyphora tuberculosa",449098,357180,"MPI-ESM1-2-HR",16.0290454832277,1148425,1.33975026597234,1.33975026597234,1.33975026597234,1.35802653318429,1.35802653318429,1.35802653318429
"Pelecyphora vivipara",3257785,3131757,"UKESM1-0-LL",34.7347713309313,3351549,1.04401235472612,1.07187977866737,1.04569511619196,1.0832120597277,1.10939518722077,1.08110173016329
"Peniocereus greggii",720093,659156,"UKESM1-0-LL",11.7631011345049,1288085,0.87922130724745,0.774208229918259,0.887037362930778,0.929349403479828,0.819749671223023,0.936681789713273
"Peniocereus johnstonii",21628,12993,"UKESM1-0-LL",2.059182832854,196456,1.88894019856846,1.88894019856846,1.88894019856846,1.97022378398372,1.97022378398372,1.97022378398372
"Peniocereus striatus",170199,144301,"GFDL-ESM4",16.8959748080021,1301804,0.0110810042896446,0.0106374869197026,0.00778234385070097,0.0095535226411436,0.00901885439984959,0.00660403410125794
"Peniocereus viperinus",30626,15652,"UKESM1-0-LL",1.89591674923922,53326,0,0,0,0,0,0
"Pereskia aculeata",3064432,3012053,"MPI-ESM1-2-HR",32.0725067475102,1867661,1.25119976308518,1.39836251221343,1.18700434554106,1.25376839818929,1.40432517347424,1.19334871845745
"Pereskia bahiensis",451723,343691,"GFDL-ESM4",12.177051544478,714213,0.513606699040708,0.023774262346119,0.0325990497278078,0.427662527699497,0.0281677045445992,0.0254979268268386
"Pereskia diaz-romeroana",13109,4711,"GFDL-ESM4",1.99175237570584,204114,1.40352366801104,1.40352366801104,1.40352366801104,4.53726447478831,4.53726447478831,4.53726447478831
"Pereskia grandifolia",2425881,2317232,"GFDL-ESM4",23.5556951709077,1552509,0.210168425086482,0,0,0.200755519335037,0,0
"Pereskia horrida",56598,21895,"GFDL-ESM4",4.26868771814423,145563,0,0,0,0,0,0
"Pereskia weberiana",34795,18609,"UKESM1-0-LL",3.72535850102525,406450,3.25229727551185,3.25229727551185,3.25229727551185,3.61094984911625,3.61094984911625,3.61094984911625
"Pereskiopsis aquosa",139646,124706,"UKESM1-0-LL",11.0468485640662,650967,0.435472230686575,0.0650810706782352,0,0.550871489337324,0.158887472609312,0.0749824556378271
"Pereskiopsis blakeana",26519,16503,"MPI-ESM1-2-HR",2.79579797881221,129636,1.4089559474035,1.49021390050294,1.4015633521178,1.83819148535013,2.77774425883329,1.79512802141861
"Pereskiopsis kellermanii",59225,33078,"GFDL-ESM4",9.61961496727765,752766,0,0.00244875748231453,0,0,0.00238075137188687,0
"Pereskiopsis porteri",76248,56426,"MPI-ESM1-2-HR",16.3162823361739,910997,1.71777194910148,1.71778967142807,1.71778967142807,1.91193211625223,1.91194523135033,1.91194523135033
"Pereskiopsis rotundifolia",104819,88064,"UKESM1-0-LL",8.00373347423463,342512,0,0,0,0,0,0
"Pfeiffera ianthothele",293886,194751,"UKESM1-0-LL",13.8899335406857,975303,1.39271685382874,1.39271685382874,1.3923471509774,1.68338743594455,1.68589180838829,1.66061670171427
"Pfeiffera monacantha",181845,74988,"MPI-ESM1-2-HR",26.786471436938,1394524,0.875820131220995,0.978249853309863,0.560249639942391,0.936269900189722,0.990502900822129,0.715554455717782
"Pilosocereus arrabidae",9436,7355,"UKESM1-0-LL",3.45714648912235,409666,0.751733514615908,0.878042148198504,0.434398368456832,0.752331496396778,0.893175074183976,0.397520135650699
"Pilosocereus aurisetus",117069,97131,"GFDL-ESM4",4.94288596425654,297232,0.0738281290216306,0,0,0.0661575651965935,0,0
"Pilosocereus chrysacanthus",98852,61761,"MPI-ESM1-2-HR",13.7651552866372,896726,1.16082964977899,1.8427486601577,2.15828759249364,1.11246105288714,1.57658924452717,1.82939141342613
"Pilosocereus chrysostele",302357,224032,"MPI-ESM1-2-HR",11.3673502421164,821177,0.953564669332952,0.683313098128839,1.00258891586916,0.920643477743198,0.606700026789524,1.00243090121942
"Pilosocereus collinsii",15556,6523,"MPI-ESM1-2-HR",2.07187232448554,180067,0.652000613214778,0.600950482906638,0.743982829986203,1.26349961429673,1.06859089740293,1.5128567755207
"Pilosocereus colombianus",96512,79893,"UKESM1-0-LL",16.9725954913687,1155393,0.742443017535954,0.558772358028864,0.53108532662436,0.728199602122016,0.563225298408488,0.505709134615385
"Pilosocereus fulvilanatus",46678,31122,"MPI-ESM1-2-HR",1.80531893730046,153058,0,0,0,0,0,0
"Pilosocereus gaumeri",36015,20060,"UKESM1-0-LL",3.78271457208562,361221,0,0,0,0,0,0
"Pilosocereus leucocephalus",944046,842416,"MPI-ESM1-2-HR",26.0689013811998,1549159,0.914628876944408,1.0063555298095,0.275106360752882,0.923688040625139,1.01244642739866,0.314109693807293
"Pilosocereus pachycladus",1066563,1008187,"GFDL-ESM4",17.9481105827518,1160237,0.731680729864599,0.331971152177126,0.301045341786792,0.730402235967308,0.341559757838965,0.314403368577384
"Pilosocereus pentaedrophorus",448579,419123,"MPI-ESM1-2-HR",19.6254635468553,1380804,0.0365000250523116,0.000362662034772609,0,0.124354907385321,0.0384569941972317,0.00179901422046061
"Pilosocereus polygonus",83194,78053,"MPI-ESM1-2-HR",4.08353639572569,278973,0.0350146695194291,0.0205373272007482,0.000192177110424968,0.0419381205375388,0.0972065293170181,0.00520470226218237
"Pilosocereus purpusii",560088,506571,"GFDL-ESM4",19.0345277023604,1216597,0.0291331323743365,0,0,0.0569464084215338,0,0
"Pilosocereus vilaboensis",67325,37273,"MPI-ESM1-2-HR",2.5662134702193,201563,1.91940546776487,2.96756365197328,2.96756365197328,1.26305235796509,2.64164871890085,2.64164871890085
"Polaskia chende",34325,12811,"UKESM1-0-LL",4.86215238781202,297680,1.22308953243307,1.22308953243307,1.22308953243307,2.31303714493809,2.31303714493809,2.31303714493809
"Polaskia chichipe",34768,7974,"GFDL-ESM4",4.84813150151537,426292,0.978304489591171,1.08327062954602,1.01830950589416,1.31465715600552,1.54826277036355,1.4054302807179
"Pseudorhipsalis amazonica",2048590,2023691,"MPI-ESM1-2-HR",50.9739922593993,2388899,0.614252373509592,0.229564691447459,0.103185713629205,0.609750120814804,0.228160832572648,0.101931572447391
"Pseudorhipsalis himantoclada",10257,6745,"MPI-ESM1-2-HR",19.8685953703216,26653,0,0,0.0452186805040771,1.2548503461051,0.575704396997173,1.32738617529492
"Pterocereus gaumeri",39638,18518,"GFDL-ESM4",1.14301916797194,72030,0.390538935090183,0.893779025812723,1.10551895453073,0.529895554770675,1.16463999192694,1.27980725566376
"Quiabentia verticillata",333451,286179,"GFDL-ESM4",12.877773752311,669423,0.0143895953232068,0,0,0.0186204269892728,0,0
"Quiabentia zehntneri",216887,167684,"GFDL-ESM4",4.22634660882778,298600,1.86771546480284,1.86771546480284,1.86771546480284,1.90385776925311,1.94708765393961,1.94708765393961
"Rapicactus beguinii",96425,56773,"GFDL-ESM4",8.18444363725722,781813,0,0,0,0,0,0
"Rauhocereus riosaniensis",73321,33262,"UKESM1-0-LL",8.62760112173679,842182,0.629006072996212,0.805904635920871,0.9797366364019,0.429426767229034,0.552815700822411,0.753276687442888
"Rebutia minuscula",32632,10697,"UKESM1-0-LL",8.81805436841836,691855,0.639525100495466,0.778629522295971,1.03187809666262,0.65273351311596,0.893969110075999,1.19370556508948
"Rebutia ritteri",29189,12474,"MPI-ESM1-2-HR",4.65878350668311,159868,0,0,0,0,0,0
"Rhipsalidopsis gaertneri",89264,57196,"UKESM1-0-LL",12.2033614711375,716342,1.46567941814113,1.4238932792503,1.00293726834044,1.64211776303997,1.62727415307403,1.2836417816813
"Rhipsalis campos-portoana",159280,135926,"GFDL-ESM4",12.0230804938507,965863,1.14927239821668,1.0213424951812,1.19712196342127,1.16393771973882,1.02203666499247,1.19893269713712
"Rhipsalis cereuscula",2502967,2464369,"MPI-ESM1-2-HR",22.4472166202199,1223290,1.07871061517167,1.33996248126802,1.66400039929085,1.07712646630978,1.34138524399243,1.64863220330112
"Rhipsalis clavata",97155,78936,"UKESM1-0-LL",4.53704194043434,578741,0,0,0,0,0,0
"Rhipsalis elliptica",250104,219848,"UKESM1-0-LL",24.6793284256353,1886456,0.680542920563298,1.09273679997089,1.38519340635348,0.717693439529156,1.0792350382241,1.32793158046253
"Rhipsalis floccosa",3066474,2981263,"UKESM1-0-LL",52.2493517892618,3511939,0.763005477879677,1.56117256344039,1.68398494195245,0.760051120603012,1.54424495365035,1.66548583160986
"Rhipsalis hileiabaiana",89157,49986,"UKESM1-0-LL",3.26543935819639,321459,0,0,0,0,0,0
"Rhipsalis juengeri",91953,76670,"MPI-ESM1-2-HR",10.859318778852,789700,0.0648623972870745,0,0,0.136743771274455,0,0
"Rhipsalis lindbergiana",799441,752115,"GFDL-ESM4",18.7293472373975,1233217,1.11712570551046,1.2893799485451,1.29119217140996,1.11863664735734,1.29005892867641,1.29055302392547
"Rhipsalis neves-armondii",287808,260979,"GFDL-ESM4",11.8791661241251,880910,0.291088555017837,0.030247644446488,0.00757915387828139,0.397598398932622,0.0362046920169002,0.00863422837447187
"Rhipsalis oblonga",187532,164453,"UKESM1-0-LL",5.54555747142275,607421,0,0,0,0,0,0
"Rhipsalis pachyptera",171764,141240,"UKESM1-0-LL",18.774711758687,1490676,0.877740016992353,0.872585669781931,0.976883319173039,0.891805034815212,0.887770429193545,0.967065275610722
"Rhipsalis paradoxa",473924,429120,"GFDL-ESM4",21.4290331818248,1537185,0.935789522744221,1.14870199478002,1.25160561148397,0.934027396797799,1.13141558562132,1.23166372667348
"Rhipsalis pulchra",30559,24643,"MPI-ESM1-2-HR",9.6763986616864,840986,0.0949153917948302,0,0,0.23848947936778,0,0
"Rhipsalis puniceodiscus",204203,178364,"UKESM1-0-LL",17.2678484181379,1301060,0.42529882711758,0.241455674911978,0.115264291000426,0.415674598316381,0.240559639182578,0.12441541015558
"Rhipsalis teres",577214,480961,"GFDL-ESM4",30.8173704734266,1849111,0.970579735155241,0.781310750767734,0.930961138221186,0.998783813282422,0.838411750234748,0.926486537055581
"Rhipsalis trigonoides",68982,45502,"UKESM1-0-LL",1.85495993138439,94972,1.10441299283548,1.09869895828755,0.930486572018812,1.23419152822475,1.22168101823664,0.942057348293758
"Rhipsalis tucumanensis",182476,132605,"UKESM1-0-LL",12.3724851603477,952830,3.17428452924098,3.17428452924098,3.17413370536556,2.9963556851312,2.99899164821675,2.98919309936649
"Sclerocactus brevihamatus",222393,137590,"MPI-ESM1-2-HR",5.09863883997559,462710,0,0,0,0,0,0
"Sclerocactus cloverae",27671,13246,"UKESM1-0-LL",1.07049468688549,196702,0.216291710705119,0.792465650007549,0.673335346519704,0.211774059484659,1.20949730765061,0.646127714936215
"Sclerocactus erectocentrus",97756,39642,"MPI-ESM1-2-HR",2.60949155185717,312331,0.0119317895161697,0,0,0.0324481361757846,0,0
"Sclerocactus intertextus",397091,343466,"GFDL-ESM4",6.95026396367109,647069,1.02433719785947,1.32901073177549,1.32901073177549,1.07863185013007,1.37363979541213,1.37363979541213
"Sclerocactus johnsonii",193491,135171,"GFDL-ESM4",6.5321027025136,700836,1.81607741305458,1.81607741305458,1.81419831176806,1.7182142838685,1.7182142838685,1.71001752019474
"Sclerocactus papyracanthus",157444,101897,"UKESM1-0-LL",0.985463128451275,175347,1.24535560418854,1.5754045752083,1.16296848778669,1.04846167526232,1.31041513172938,0.954606082162547
"Sclerocactus parviflorus",204413,163641,"MPI-ESM1-2-HR",8.40488375141543,656932,0.209061298818756,1.48629011066909,1.48629011066909,0.27756062481349,1.66861696663128,1.66606331299868
"Sclerocactus polyancistrus",78756,59738,"UKESM1-0-LL",7.86759084520553,689029,0.264973718571094,0.276490675951656,0.969868425457833,0.469488039006552,0.633399360048758,1.20558433643151
"Sclerocactus scheeri",305644,260913,"GFDL-ESM4",17.6864702197925,1229142,0.0722386389332843,0,0,0.0660016228029996,0,0
"Sclerocactus unguispinus",150271,119326,"GFDL-ESM4",6.60722094201084,652532,1.1528334143439,0.599793842079681,0.386487437775506,1.16725782087029,0.488104823951394,0.368287959752713
"Sclerocactus warnockii",70206,43865,"UKESM1-0-LL",2.89612546831603,315167,3.92732246665907,3.92732246665907,3.92732246665907,3.39753012563029,3.39753012563029,3.39753012563029
"Sclerocactus whipplei",53136,24802,"GFDL-ESM4",1.21266911389983,97047,0,0,0,0,0,0
"Sclerocactus wrightiae",10357,3316,"GFDL-ESM4",1.34572091066017,125734,1.17762364294331,1.17762364294331,1.17762364294331,2.7391136429468,2.86289466061601,3.51153809018055
"Selenicereus costaricensis",47605,37011,"UKESM1-0-LL",23.3976652660323,950076,0,0,0,0,0,0
"Selenicereus monacanthus",135132,109340,"GFDL-ESM4",23.9129883464583,1748536,1.82997987927565,1.83357417230657,1.83357417230657,1.80077257792381,1.83951247668946,1.83951247668946
"Selenicereus ocamponis",504822,430024,"GFDL-ESM4",19.7225834558552,1489619,0.0364700574851636,0,0,0.0310663956800615,0,0
"Selenicereus setaceus",4588554,4524979,"MPI-ESM1-2-HR",32.1158008084486,2375288,1.05221305999431,1.02190352706609,0.0426866069433692,1.05144452914796,1.02151113400867,0.0449854137054942
"Selenicereus spinulosus",429898,354935,"MPI-ESM1-2-HR",43.7814423260278,2907601,1.23055207291476,0.276092805724992,0.128310817473622,1.20416238270473,0.30546780864298,0.137281401634806
"Selenicereus triangularis",65306,57429,"UKESM1-0-LL",19.9573248615793,1760917,1.43774051437427,1.52417768026607,1.52417768026607,1.42496860931614,1.5009800018375,1.5009800018375
"Selenicereus vagans",549581,523044,"UKESM1-0-LL",17.8503999993612,1436663,1.24828503911717,1.26727005758598,1.29783153998516,1.27673809684105,1.27424164954756,1.31500907054647
"Soehrensia candicans",485271,390890,"GFDL-ESM4",28.3911357927504,1857136,0.890467906572181,0.823139502161733,1.21910767735168,0.868681623257932,0.856138116639981,1.29438190207121
"Soehrensia formosa",363431,315373,"MPI-ESM1-2-HR",30.5165243519824,1763223,0.988242493808918,1.47591899116285,1.48949656438566,1.26487283693466,1.78216497767114,1.80782046660852
"Soehrensia schickendantzii",142857,96025,"MPI-ESM1-2-HR",23.9572741651048,1190868,0.743504295756313,0.2681489195522,0,0.733572733572734,0.184401184401184,0
"Soehrensia strigosa",153018,98548,"UKESM1-0-LL",3.90236985290574,297479,0.0108678004627187,0.049701668222592,0.267666517839023,0.0080513403651858,0.0418055392176084,0.229809564887791
"Soehrensia tarijensis",254290,221939,"GFDL-ESM4",18.1177060890103,458407,0.00415429464852955,0.857645569278045,0.918707392571833,0.00565102835345472,0.807802115694679,0.896118604742617
"Soehrensia volliana",60588,37698,"UKESM1-0-LL",6.06397444228881,370970,0,0,0,0.00519904931669638,0,0
"Stenocactus coptonogonus",82961,47811,"MPI-ESM1-2-HR",2.99020927027483,326983,2.58773085691577,2.59318985170777,2.59318985170777,2.37430840997577,2.38261351719483,2.38261351719483
"Stenocactus crispatus",203093,135115,"MPI-ESM1-2-HR",6.63480696651987,676859,1.16431928357325,0.96611775154498,1.63460015542316,1.16653454328805,0.939362754994018,1.60530397404145
"Stenocactus dichroacanthus",189146,128792,"UKESM1-0-LL",8.29299302140449,568732,1.55933598360147,1.80917292999565,1.95020653456736,1.44647520962643,1.70158501898005,1.81474099372971
"Stenocactus lamellosus",86344,69056,"MPI-ESM1-2-HR",5.28913491529461,314194,0.321072752548656,0,0,0.610395626795145,0,0
"Stenocactus multicostatus",266071,221921,"GFDL-ESM4",11.2119491184165,978514,0.608446248890371,0.605490242023062,0.486303684644536,0.643448553205723,0.618233479033792,0.501050471490692
"Stenocactus ochoterenianus",106524,61193,"UKESM1-0-LL",4.21124961153777,362963,1.13986893925776,1.79213308711781,2.09855702449627,1.05189440877173,1.58793323570275,1.94616236716608
"Stenocactus pentacanthus",127517,94797,"MPI-ESM1-2-HR",7.63664131918972,550147,0,0,0,0.00210952265188171,0,0
"Stenocactus phyllacanthus",138445,89320,"MPI-ESM1-2-HR",6.09755317095638,456955,1.21361397223466,1.01297581728616,1.55347066726377,1.28065296688216,0.957456029470187,1.6409187764094
"Stenocereus alamosensis",118678,90841,"UKESM1-0-LL",14.8646803942721,1152306,0.552426767648969,0.776125317863079,0.960194185444898,0.712667891268811,0.865686984950875,1.06117393282664
"Stenocereus beneckei",34604,14572,"UKESM1-0-LL",1.4433904322221,56188,0.825830359593741,0.858632994784518,0.876612681855613,0.946277886949486,1.04727777135591,1.03230840365276
"Stenocereus chacalapensis",7966,2996,"MPI-ESM1-2-HR",1.21518592888019,109093,0.0320427236315087,0,0,0.962967612352498,0.188676876726086,0.36417273412001
"Stenocereus eruca",8747,6441,"MPI-ESM1-2-HR",1.51974283198146,102332,1.34575376494333,1.34249340164571,1.35646638720696,2.93906482222476,2.97507716931519,3.22510575054304
"Stenocereus fricii",8640,8143,"UKESM1-0-LL",1.0449962833343,58571,0,0,0,0.0756944444444444,0,0
"Stenocereus griseus",1509846,1421094,"UKESM1-0-LL",37.8163506853996,2868634,0.14521769847737,0.0407692946420152,0.0178425916934418,0.145490334775865,0.040439223602937,0.0184012144284914
"Stenocereus gummosus",113003,107466,"MPI-ESM1-2-HR",14.532102818738,1049924,1.55612007518657,1.81757020825191,1.81764465040106,1.53718042883817,1.9525410829801,1.95262072688336
"Stenocereus heptagonus",45500,43627,"UKESM1-0-LL",5.96683232101029,601829,0.132257546931946,0.0203772892933275,0,0.126813186813187,0.0195384615384615,0
"Stenocereus huastecorum",206269,168305,"MPI-ESM1-2-HR",23.1881110965181,1313809,0.162894744659992,0,0,0.221574739781547,0,0
"Stenocereus kerberi",50061,32652,"GFDL-ESM4",6.02213850321416,419935,1.22164032831067,1.92833517089305,2.26359794193311,1.20822596432353,1.70242304388646,1.92980563712271
"Stenocereus martinezii",27670,15913,"GFDL-ESM4",2.62812001552631,178726,0.933513479545026,1.38980707597562,1.38980707597562,1.32190097578605,2.31055294542826,2.31055294542826
"Stenocereus montanus",129696,123890,"UKESM1-0-LL",3.79043540950481,286832,0.261352812979256,0.633828396157882,0.78982968762612,0.524256723414754,0.917121576609919,1.14477701702443
"Stenocereus pruinosus",364905,304682,"UKESM1-0-LL",32.1002274397301,2153368,1.45335464517103,1.46845563571199,1.46845563571199,1.41303078883545,1.4343404447733,1.4343404447733
"Stenocereus queretaroensis",251569,227136,"GFDL-ESM4",18.1092038611663,1208816,1.30538091715976,1.30538091715976,1.30538091715976,1.51804475114183,1.51804475114183,1.51804475114183
"Stenocereus standleyi",76173,58622,"MPI-ESM1-2-HR",8.61068172641608,683381,0.0306369622326089,0,0,0.0239980045422919,0,0
"Stenocereus stellatus",88157,56046,"GFDL-ESM4",10.4261005800988,783073,0,0,0,0.0129541613258164,0,0
"Stenocereus thurberi",312753,298102,"GFDL-ESM4",26.8583742542464,1677958,1.64404465585605,1.64450087553924,1.64450087553924,1.77236988933759,1.77317883441566,1.77317883441566
"Stenocereus treleasei",47661,24106,"GFDL-ESM4",6.85566464146609,573351,0.0681573052352112,0,0,0.0349132414342964,0,0
"Stephanocereus leucostele",258130,182787,"UKESM1-0-LL",3.16873641319132,178843,0.845065568120271,0.0189181944011336,0.109827285310224,0.745910975090071,0.0160461782822609,0.0877116181768876
"Stephanocereus luetzelburgii",98074,39526,"MPI-ESM1-2-HR",5.24244813929906,182613,0,0.0247179072003238,0,0.0576707384220079,0.00996186553010992,0
"Stetsonia coryne",1362320,1257805,"UKESM1-0-LL",29.784834129933,2256532,1.39564558894264,1.39564558894264,1.38588095929019,1.47733058312291,1.4772916789007,1.4587879499677
"Strombocactus disciformis",25361,7186,"MPI-ESM1-2-HR",6.80019783955874,481758,0,0,0,0,0,0
"Tacinga funalis",255521,210163,"GFDL-ESM4",6.94092261086931,362025,0,0,0,1.17407179840405e-05,0,0
"Tacinga inamoena",987183,948729,"UKESM1-0-LL",23.2565868373436,1601683,0,0,0,0,0,0
"Tacinga palmadora",727040,664036,"MPI-ESM1-2-HR",17.2167853090469,878485,0.64258413700462,0.29773385780289,0.224894433434332,0.66681338028169,0.301038457306338,0.240512213908451
"Tacinga saxatilis",134107,82712,"GFDL-ESM4",2.5125650954882,208476,1.95751523358158,1.95751523358158,1.95751523358158,1.89676154115743,1.89676154115743,1.89676154115743
"Tacinga subcylindrica",340309,276412,"UKESM1-0-LL",6.29818491089348,244902,0.720073658162453,0.439221162612332,0.472287744381575,0.754866900375835,0.437243799017951,0.470146249438011
"Tephrocactus alexanderi",134939,85821,"UKESM1-0-LL",4.01476918787924,231075,0.643583738245884,0.557858799128418,0.753545169597185,0.698878752621555,0.594149949236322,0.911915754526119
"Tephrocactus aoracanthus",95956,30495,"MPI-ESM1-2-HR",12.399768502409,1058350,0.00609936055090999,0,0,0.169171286839802,0,0
"Tephrocactus verschaffeltii",264420,180727,"MPI-ESM1-2-HR",16.4641171876716,760388,2.75476824160197,2.77679594083894,2.77679594083894,2.35437561455261,2.44091974888435,2.44519325315785
"Tephrocactus weberi",69826,46350,"MPI-ESM1-2-HR",9.72479338157834,268995,1.1231067961165,0.973592233009709,1.50133764832794,1.15670380660499,0.990075330106264,1.85985163119755
"Thelocactus bicolor",591326,513574,"GFDL-ESM4",21.1624180357616,1600349,1.33728148231803,1.50648007882019,1.50648007882019,1.3357082218607,1.52298393779404,1.52298393779404
"Thelocactus buekii",20029,3462,"UKESM1-0-LL",0.499149926645888,11986,0,0,0,0,0,0
"Thelocactus conothelos",102997,40204,"GFDL-ESM4",9.4823178603335,834039,1.29897522634564,1.29897522634564,1.29897522634564,1.42761439653582,1.42761439653582,1.42761439653582
"Thelocactus hexaedrophorus",115989,92407,"GFDL-ESM4",6.71306519178629,696656,1.2316382958001,1.2316382958001,1.2316382958001,1.82748364069007,1.82748364069007,1.82748364069007
"Thelocactus leucacanthus",27757,9009,"GFDL-ESM4",3.34869713546551,391859,0,0,0,0,0,0
"Thelocactus rinconensis",80349,38637,"UKESM1-0-LL",5.19621136405856,290878,1.52853482413231,1.52853482413231,1.52853482413231,1.73050069073666,1.73050069073666,1.73050069073666
"Thelocactus setispinus",349512,280196,"GFDL-ESM4",15.1999165161285,1031816,0.433385915573384,0,0,0.509670626473483,0,0
"Thelocactus tulensis",37725,11407,"GFDL-ESM4",1.62656185892465,146465,1.28578942754449,1.28578942754449,1.28578942754449,1.99589131875414,2.0476872100729,2.13895294897283
"Trichocereus bridgesii",92858,53892,"GFDL-ESM4",15.6613203398642,673023,1.99241074742077,2.882190306539,2.882190306539,1.68395830192337,2.50108768226755,2.50108768226755
"Trichocereus cuzcoensis",146716,102158,"UKESM1-0-LL",16.7487058606708,1211288,1.96986041230251,2.00200669551088,2.01542708353727,1.82789198178794,1.92636113307342,1.95664412879304
"Trichocereus macrogonus",1291259,1209350,"UKESM1-0-LL",39.571960102224,3333954,1.18894033985199,1.29413817339893,1.27869930127755,1.19196768425235,1.29116157176833,1.27766776456156
"Trichocereus tacaquirensis",73302,28394,"GFDL-ESM4",4.99600603218014,137050,0.787736845812496,0.887581883496513,0.956082270902303,0.892376742790101,0.964503014924559,0.946836375542277
"Turbinicarpus pseudopectinatus",43680,17094,"UKESM1-0-LL",0.705862685361259,15813,0,0,0,0,0,0
"Turbinicarpus valdezianus",35970,9488,"MPI-ESM1-2-HR",1.72487623739006,155643,0,0,0,0,0,0
"Uebelmannia pectinifera",40159,8812,"GFDL-ESM4",1.57119412304851,87794,0.667158420335906,0.0893100317748525,0.027349069450749,0.538833138275356,0.0431783659951692,0.0149655120894445
"Weberbauerocereus cuzcoensis",90929,35924,"UKESM1-0-LL",9.20780585594028,569257,0.49652043202316,0.632724640908585,1.0198474557399,0.581739599027813,0.682125614490427,0.934454354496365
"Weberbauerocereus weberbaueri",41265,18960,"GFDL-ESM4",3.36276601663458,48799,0,0,0,0,0,0
"Weingartia fidana",37011,11475,"UKESM1-0-LL",2.60384723221968,157469,1.33176470588235,1.32906318082789,1.33176470588235,1.90935127394558,1.99910837318635,2.07349166464024
"Weingartia neocumingii",36918,22684,"MPI-ESM1-2-HR",8.22531627218301,648157,1.70886968788573,1.70886968788573,1.70886968788573,3.16100547158568,3.18015602145295,3.18015602145295
"Xiquexique gounellei",957392,929830,"UKESM1-0-LL",24.2188300320058,1479578,0.136888463482572,0.0809976017121409,0.102155232676941,0.132965389307619,0.0786657920684526,0.0992143239132978
"Xiquexique tuberculatus",248607,222105,"UKESM1-0-LL",6.97263900656958,301081,0,0,0,0,0,0
